-- MySQL dump 10.13  Distrib 8.0.27, for Win64 (x86_64)
--
-- Host: 172.20.10.5    Database: education_pro
-- ------------------------------------------------------
-- Server version	8.0.27

/*!40101 SET @OLD_CHARACTER_SET_CLIENT=@@CHARACTER_SET_CLIENT */;
/*!40101 SET @OLD_CHARACTER_SET_RESULTS=@@CHARACTER_SET_RESULTS */;
/*!40101 SET @OLD_COLLATION_CONNECTION=@@COLLATION_CONNECTION */;
/*!50503 SET NAMES utf8mb4 */;
/*!40103 SET @OLD_TIME_ZONE=@@TIME_ZONE */;
/*!40103 SET TIME_ZONE='+00:00' */;
/*!40014 SET @OLD_UNIQUE_CHECKS=@@UNIQUE_CHECKS, UNIQUE_CHECKS=0 */;
/*!40014 SET @OLD_FOREIGN_KEY_CHECKS=@@FOREIGN_KEY_CHECKS, FOREIGN_KEY_CHECKS=0 */;
/*!40101 SET @OLD_SQL_MODE=@@SQL_MODE, SQL_MODE='NO_AUTO_VALUE_ON_ZERO' */;
/*!40111 SET @OLD_SQL_NOTES=@@SQL_NOTES, SQL_NOTES=0 */;

--
-- Table structure for table `biz_work_order`
--

DROP TABLE IF EXISTS `biz_work_order`;
/*!40101 SET @saved_cs_client     = @@character_set_client */;
/*!50503 SET character_set_client = utf8mb4 */;
CREATE TABLE `biz_work_order` (
  `id` bigint NOT NULL AUTO_INCREMENT COMMENT '主键ID',
  `work_order_no` varchar(64) COLLATE utf8mb4_unicode_ci NOT NULL COMMENT '工单编号，全局唯一',
  `order_type` varchar(32) COLLATE utf8mb4_unicode_ci NOT NULL COMMENT '工单类型: 产品申购/产品赎回/信息变更/投诉建议/风评重做/可疑交易上报',
  `sub_type` varchar(32) COLLATE utf8mb4_unicode_ci DEFAULT NULL COMMENT '子类型',
  `customer_id` bigint NOT NULL COMMENT '关联客户ID',
  `submitter_id` bigint NOT NULL COMMENT '提交人ID',
  `handler_id` bigint DEFAULT NULL COMMENT '当前处理人ID',
  `current_node` varchar(32) COLLATE utf8mb4_unicode_ci DEFAULT '初审' COMMENT '当前流程节点: 初审/复核/完成',
  `priority` varchar(8) COLLATE utf8mb4_unicode_ci DEFAULT '普通' COMMENT '优先级: 普通/紧急/特急',
  `status` varchar(16) COLLATE utf8mb4_unicode_ci DEFAULT '待处理' COMMENT '状态: 待处理/处理中/待审核/已完成/已驳回',
  `biz_content` json DEFAULT NULL COMMENT '业务内容JSON',
  `remark` varchar(255) COLLATE utf8mb4_unicode_ci DEFAULT NULL COMMENT '备注',
  `create_time` datetime DEFAULT CURRENT_TIMESTAMP COMMENT '创建时间',
  `update_time` datetime DEFAULT NULL ON UPDATE CURRENT_TIMESTAMP COMMENT '更新时间',
  PRIMARY KEY (`id`),
  UNIQUE KEY `uk_work_order_no` (`work_order_no`),
  KEY `idx_order_type` (`order_type`),
  KEY `idx_customer_id` (`customer_id`),
  KEY `idx_handler_id` (`handler_id`),
  KEY `idx_status` (`status`),
  KEY `idx_priority` (`priority`)
) ENGINE=InnoDB AUTO_INCREMENT=31 DEFAULT CHARSET=utf8mb4 COLLATE=utf8mb4_unicode_ci COMMENT='通用业务工单表';
/*!40101 SET character_set_client = @saved_cs_client */;

--
-- Dumping data for table `biz_work_order`
--

LOCK TABLES `biz_work_order` WRITE;
/*!40000 ALTER TABLE `biz_work_order` DISABLE KEYS */;
INSERT INTO `biz_work_order` VALUES (1,'WO20240101001','产品申购',NULL,3,2,2,'完成','普通','已完成','{\"amount\": 50000, \"status\": \"success\", \"product_id\": 1}',NULL,'2026-07-22 10:09:54',NULL),(2,'WO20240201002','信息变更','手机号变更',4,4,NULL,'初审','普通','待处理','{\"new_phone\": \"13811111111\", \"old_phone\": \"13800000000\"}',NULL,'2026-07-22 10:09:54',NULL),(3,'WO20260722155747EC90','咨询',NULL,3,1,NULL,'初审','普通','待处理','{\"content\": \"test\"}','test','2026-07-22 15:57:46',NULL),(4,'WO2026072216003153CA','咨询',NULL,3,1,NULL,'初审','普通','待处理','{\"content\": \"test\"}','test','2026-07-22 16:00:30',NULL),(5,'WO20260722161316497A','咨询',NULL,3,1,NULL,'初审','普通','待处理','{\"content\": \"测试\"}','测试','2026-07-22 16:13:16',NULL),(6,'WO202607221615086B79','咨询',NULL,3,1,NULL,'初审','普通','待处理','{\"content\": \"测试\"}','测试','2026-07-22 16:15:07',NULL),(7,'WO202607221919436','可疑交易上报','medium',5,0,NULL,'待处理','普通','处理中','{\"summary\": \"客户5触发2条规则：大额现金交易、非正常时段大额交易\", \"alert_id\": 6, \"trigger_rules\": [{\"rule_id\": \"R001\", \"rule_name\": \"大额现金交易\", \"risk_level\": \"中\"}, {\"rule_id\": \"R008\", \"rule_name\": \"非正常时段大额交易\", \"risk_level\": \"低\"}], \"recommendation\": \"1个工作日内核实\"}','风控Agent自动创建 - medium级预警','2026-07-22 19:19:44',NULL),(8,'WO202607222054467','可疑交易上报','medium',5,0,NULL,'待处理','普通','处理中','{\"summary\": \"客户5触发1条规则：大额现金交易\", \"alert_id\": 7, \"trigger_rules\": [{\"rule_id\": \"R001\", \"rule_name\": \"大额现金交易\", \"risk_level\": \"中\"}], \"recommendation\": \"1个工作日内核实\"}','风控Agent自动创建 - medium级预警','2026-07-22 20:54:47',NULL),(9,'WO202607222056498','可疑交易上报','medium',5,0,NULL,'待处理','普通','处理中','{\"summary\": \"客户5触发1条规则：大额现金交易\", \"alert_id\": 8, \"trigger_rules\": [{\"rule_id\": \"R001\", \"rule_name\": \"大额现金交易\", \"risk_level\": \"中\"}], \"recommendation\": \"1个工作日内核实\"}','风控Agent自动创建 - medium级预警','2026-07-22 20:56:49',NULL),(10,'WO2026072220570110','可疑交易上报','medium',5,0,NULL,'待处理','普通','处理中','{\"summary\": \"客户5触发1条规则：非正常时段大额交易\", \"alert_id\": 10, \"trigger_rules\": [{\"rule_id\": \"R008\", \"rule_name\": \"非正常时段大额交易\", \"risk_level\": \"低\"}], \"recommendation\": \"1个工作日内核实\"}','风控Agent自动创建 - medium级预警','2026-07-22 20:57:02',NULL),(11,'WO2026072220570611','可疑交易上报','medium',5,0,NULL,'待处理','普通','处理中','{\"summary\": \"客户5触发2条规则：大额现金交易、非正常时段大额交易\", \"alert_id\": 11, \"trigger_rules\": [{\"rule_id\": \"R001\", \"rule_name\": \"大额现金交易\", \"risk_level\": \"中\"}, {\"rule_id\": \"R008\", \"rule_name\": \"非正常时段大额交易\", \"risk_level\": \"低\"}], \"recommendation\": \"1个工作日内核实\"}','风控Agent自动创建 - medium级预警','2026-07-22 20:57:06',NULL),(12,'WO2026072221341812','可疑交易上报','medium',5,0,NULL,'待处理','普通','处理中','{\"summary\": \"客户5触发1条规则：大额现金交易\", \"alert_id\": 12, \"trigger_rules\": [{\"rule_id\": \"R001\", \"rule_name\": \"大额现金交易\", \"risk_level\": \"中\"}], \"recommendation\": \"1个工作日内核实\"}','风控Agent自动创建 - medium级预警','2026-07-22 21:34:19',NULL),(13,'WO2026072221380013','可疑交易上报','medium',5,0,NULL,'待处理','普通','处理中','{\"summary\": \"客户5触发1条规则：大额现金交易\", \"alert_id\": 13, \"trigger_rules\": [{\"rule_id\": \"R001\", \"rule_name\": \"大额现金交易\", \"risk_level\": \"中\"}], \"recommendation\": \"1个工作日内核实\"}','风控Agent自动创建 - medium级预警','2026-07-22 21:38:01',NULL),(14,'WO2026072223253614','可疑交易上报','medium',5,0,NULL,'待处理','普通','处理中','{\"summary\": \"客户5触发1条规则：大额现金交易\", \"alert_id\": 14, \"trigger_rules\": [{\"rule_id\": \"R001\", \"rule_name\": \"大额现金交易\", \"risk_level\": \"中\"}], \"recommendation\": \"1个工作日内核实\"}','风控Agent自动创建 - medium级预警','2026-07-22 23:25:37',NULL),(15,'WO2026072223335415','可疑交易上报','medium',5,0,NULL,'待处理','普通','处理中','{\"summary\": \"客户5触发1条规则：大额现金交易\", \"alert_id\": 15, \"trigger_rules\": [{\"rule_id\": \"R001\", \"rule_name\": \"大额现金交易\", \"risk_level\": \"中\"}], \"recommendation\": \"1个工作日内核实\"}','风控Agent自动创建 - medium级预警','2026-07-22 23:33:54',NULL),(16,'WO2026072311005916','可疑交易上报','medium',5,0,NULL,'待处理','普通','处理中','{\"summary\": \"客户5触发1条规则：大额现金交易\", \"alert_id\": 16, \"trigger_rules\": [{\"rule_id\": \"R001\", \"rule_name\": \"大额现金交易\", \"risk_level\": \"中\"}], \"recommendation\": \"1个工作日内核实\"}','风控Agent自动创建 - medium级预警','2026-07-23 11:00:59',NULL),(17,'WO2026072311233119','可疑交易上报','medium',5,0,NULL,'待处理','普通','处理中','{\"summary\": \"客户5触发1条规则：大额现金交易\", \"alert_id\": 19, \"trigger_rules\": [{\"rule_id\": \"R001\", \"rule_name\": \"大额现金交易\", \"risk_level\": \"中\"}], \"recommendation\": \"1个工作日内核实\"}','风控Agent自动创建 - medium级预警','2026-07-23 11:23:32',NULL),(18,'WO2026072311233920','可疑交易上报','medium',5,0,NULL,'待处理','普通','处理中','{\"summary\": \"客户5触发1条规则：高风险国家/地区交易\", \"alert_id\": 20, \"trigger_rules\": [{\"rule_id\": \"R011\", \"rule_name\": \"高风险国家/地区交易\", \"risk_level\": \"高\"}], \"recommendation\": \"1个工作日内核实\"}','风控Agent自动创建 - medium级预警','2026-07-23 11:23:40',NULL),(19,'WO2026072311234521','可疑交易上报','medium',5,0,NULL,'待处理','普通','处理中','{\"summary\": \"客户5触发1条规则：非正常时段大额交易\", \"alert_id\": 21, \"trigger_rules\": [{\"rule_id\": \"R008\", \"rule_name\": \"非正常时段大额交易\", \"risk_level\": \"低\"}], \"recommendation\": \"1个工作日内核实\"}','风控Agent自动创建 - medium级预警','2026-07-23 11:23:46',NULL),(20,'WO2026072311235022','可疑交易上报','medium',5,0,NULL,'待处理','普通','处理中','{\"summary\": \"客户5触发2条规则：大额现金交易、非正常时段大额交易\", \"alert_id\": 22, \"trigger_rules\": [{\"rule_id\": \"R001\", \"rule_name\": \"大额现金交易\", \"risk_level\": \"中\"}, {\"rule_id\": \"R008\", \"rule_name\": \"非正常时段大额交易\", \"risk_level\": \"低\"}], \"recommendation\": \"1个工作日内核实\"}','风控Agent自动创建 - medium级预警','2026-07-23 11:23:50',NULL),(21,'WO2026072318035424','可疑交易上报','high',11,0,9,'已关闭','紧急','已完成','{\"summary\": \"客户11触发5条规则：大额现金交易、非本人账户代付投资款、频繁小额交易、金额与身份严重不符、新开户短期大额交易\", \"alert_id\": 24, \"trigger_rules\": [{\"rule_id\": \"R001\", \"rule_name\": \"大额现金交易\", \"risk_level\": \"中\"}, {\"rule_id\": \"R014\", \"rule_name\": \"非本人账户代付投资款\", \"risk_level\": \"中高\"}, {\"rule_id\": \"R002\", \"rule_name\": \"频繁小额交易\", \"risk_level\": \"中高\"}, {\"rule_id\": \"R006\", \"rule_name\": \"金额与身份严重不符\", \"risk_level\": \"中高\"}, {\"rule_id\": \"R017\", \"rule_name\": \"新开户短期大额交易\", \"risk_level\": \"中高\"}], \"recommendation\": \"立即核实，必要时冻结上报\"}','E2E 核实完成','2026-07-23 18:03:55','2026-07-23 18:03:55'),(22,'WO2026072319361826','可疑交易上报','high',999,0,NULL,'待处理','紧急','处理中','{\"summary\": \"客户999触发1条规则：高风险国家/地区交易\", \"alert_id\": 26, \"trigger_rules\": [{\"rule_id\": \"R011\", \"rule_name\": \"高风险国家/地区交易\", \"risk_level\": \"高\"}], \"recommendation\": \"立即核实，必要时冻结上报\"}','风控Agent自动创建 - high级预警','2026-07-23 19:36:18',NULL),(23,'WO2026072319412728','可疑交易上报','medium',400,0,NULL,'待处理','普通','处理中','{\"summary\": \"客户400触发1条规则：老年客户异常大额转出\", \"alert_id\": 28, \"trigger_rules\": [{\"rule_id\": \"R016\", \"rule_name\": \"老年客户异常大额转出\", \"risk_level\": \"中高\"}], \"recommendation\": \"1个工作日内核实\"}','风控Agent自动创建 - medium级预警','2026-07-23 19:41:28',NULL),(24,'WO2026072319413129','可疑交易上报','high',999,0,NULL,'待处理','紧急','处理中','{\"summary\": \"客户999触发1条规则：高风险国家/地区交易\", \"alert_id\": 29, \"trigger_rules\": [{\"rule_id\": \"R011\", \"rule_name\": \"高风险国家/地区交易\", \"risk_level\": \"高\"}], \"recommendation\": \"立即核实，必要时冻结上报\"}','风控Agent自动创建 - high级预警','2026-07-23 19:41:32',NULL),(25,'WO2026072319413330','可疑交易上报','medium',1001,0,0,'已关闭','普通','已完成','{\"summary\": \"客户1001触发1条规则：资金快进快出\", \"alert_id\": 30, \"trigger_rules\": [{\"rule_id\": \"R003\", \"rule_name\": \"资金快进快出\", \"risk_level\": \"中高\"}], \"recommendation\": \"1个工作日内核实\"}','风控Agent自动创建 - medium级预警','2026-07-23 19:41:34','2026-07-23 21:05:12'),(26,'WO2026072319413531','可疑交易上报','high',2001,0,0,'已关闭','紧急','已完成','{\"summary\": \"客户2001触发2条规则：涉赌涉诈资金流转、整数规避特征\", \"alert_id\": 31, \"trigger_rules\": [{\"rule_id\": \"R019\", \"rule_name\": \"涉赌涉诈资金流转\", \"risk_level\": \"高\"}, {\"rule_id\": \"R009\", \"rule_name\": \"整数规避特征\", \"risk_level\": \"中高\"}], \"recommendation\": \"立即核实，必要时冻结上报\"}','风控Agent自动创建 - high级预警','2026-07-23 19:41:36','2026-07-23 21:05:11'),(27,'WO2026072321381232','可疑交易上报','medium',5,0,0,'已关闭','普通','已完成','{\"summary\": \"客户5触发1条规则：大额现金交易\", \"alert_id\": 32, \"trigger_rules\": [{\"rule_id\": \"R001\", \"rule_name\": \"大额现金交易\", \"risk_level\": \"中\"}], \"recommendation\": \"1个工作日内核实\"}','风控Agent自动创建 - medium级预警','2026-07-23 21:38:12','2026-07-24 10:43:22'),(28,'WO2026072321434433','可疑交易上报','high',5,0,NULL,'待处理','紧急','处理中','{\"summary\": \"客户5触发1条规则：高风险国家/地区交易\", \"alert_id\": 33, \"trigger_rules\": [{\"rule_id\": \"R011\", \"rule_name\": \"高风险国家/地区交易\", \"risk_level\": \"高\"}], \"recommendation\": \"立即核实，必要时冻结上报\"}','风控Agent自动创建 - high级预警','2026-07-23 21:43:45',NULL),(29,'WO2026072322173534','可疑交易上报','medium',5,0,0,'已关闭','普通','已完成','{\"summary\": \"客户5触发2条规则：非本人账户代付投资款、新开户短期大额交易\", \"alert_id\": 34, \"trigger_rules\": [{\"rule_id\": \"R014\", \"rule_name\": \"非本人账户代付投资款\", \"risk_level\": \"中高\"}, {\"rule_id\": \"R017\", \"rule_name\": \"新开户短期大额交易\", \"risk_level\": \"中高\"}], \"recommendation\": \"1个工作日内核实\"}','风控Agent自动创建 - medium级预警','2026-07-23 22:17:36','2026-07-23 22:25:39'),(30,'WO2026072410550436','可疑交易上报','high',20,0,0,'已关闭','紧急','已完成','{\"summary\": \"客户20触发1条规则：高风险国家/地区交易\", \"alert_id\": 36, \"trigger_rules\": [{\"rule_id\": \"R011\", \"rule_name\": \"高风险国家/地区交易\", \"risk_level\": \"高\"}], \"recommendation\": \"立即核实，必要时冻结上报\"}','风控Agent自动创建 - high级预警','2026-07-24 10:55:04','2026-07-24 10:56:26');
/*!40000 ALTER TABLE `biz_work_order` ENABLE KEYS */;
UNLOCK TABLES;

--
-- Table structure for table `conversation_archive`
--

DROP TABLE IF EXISTS `conversation_archive`;
/*!40101 SET @saved_cs_client     = @@character_set_client */;
/*!50503 SET character_set_client = utf8mb4 */;
CREATE TABLE `conversation_archive` (
  `id` bigint NOT NULL AUTO_INCREMENT COMMENT '主键ID',
  `session_id` varchar(64) COLLATE utf8mb4_unicode_ci NOT NULL COMMENT '会话ID，同一轮对话共用',
  `user_id` bigint NOT NULL COMMENT '对话用户ID',
  `agent_type` varchar(32) COLLATE utf8mb4_unicode_ci NOT NULL COMMENT 'Agent类型: 客服/投顾/风控/数据分析/业务操作',
  `role` varchar(16) COLLATE utf8mb4_unicode_ci NOT NULL COMMENT '角色: user/assistant/system',
  `content` mediumtext COLLATE utf8mb4_unicode_ci COMMENT '对话内容(文本/Markdown)',
  `tool_calls` json DEFAULT NULL COMMENT '工具调用记录',
  `create_time` datetime DEFAULT CURRENT_TIMESTAMP COMMENT '创建时间',
  PRIMARY KEY (`id`),
  KEY `idx_session_id` (`session_id`),
  KEY `idx_user_id` (`user_id`),
  KEY `idx_agent_type` (`agent_type`),
  KEY `idx_create_time` (`create_time`)
) ENGINE=InnoDB AUTO_INCREMENT=221 DEFAULT CHARSET=utf8mb4 COLLATE=utf8mb4_unicode_ci COMMENT='会话归档表';
/*!40101 SET character_set_client = @saved_cs_client */;

--
-- Dumping data for table `conversation_archive`
--

LOCK TABLES `conversation_archive` WRITE;
/*!40000 ALTER TABLE `conversation_archive` DISABLE KEYS */;
INSERT INTO `conversation_archive` VALUES (1,'string',0,'customer_service','user','你好','null','2026-07-22 17:56:03'),(2,'string',0,'customer_service','assistant','您好！我是智能财富管家AI客服，请问有什么可以帮您的？','null','2026-07-22 17:56:03'),(3,'string',0,'customer_service','user','公司全称是什么','null','2026-07-22 19:37:11'),(4,'string',0,'customer_service','assistant','您好！我是智能财富管家AI客服，请问有什么可以帮您的？','null','2026-07-22 19:37:11'),(5,'string',0,'customer_service','user','公司全称是什么','null','2026-07-22 19:41:55'),(6,'string',0,'customer_service','assistant','您好！我是智能财富管家AI客服，请问有什么可以帮您的？','null','2026-07-22 19:41:55'),(7,'string',0,'customer_service','user','公司全称是什么','null','2026-07-22 19:51:19'),(8,'string',0,'customer_service','assistant','您好！我是智能财富管家AI客服，请问有什么可以帮您的？','null','2026-07-22 19:51:19'),(9,'string',0,'customer_service','assistant','您好！XX科技的公司全称是“XX科技有限公司”（简称“XX科技”，英文名称为XX Tech Co., Ltd.）。\n\n如果您还有其他关于公司业务或理财产品的问题，欢迎随时向我咨询。\n\n【来源：《高频问答对》】','null','2026-07-22 20:17:40'),(10,'string',0,'customer_service','user','公司全称是什么','null','2026-07-22 20:17:40'),(11,'string',0,'customer_service','user','转人工','null','2026-07-22 20:23:17'),(12,'string',0,'customer_service','assistant','正在为您转接人工客服，请稍候...','null','2026-07-22 20:23:17'),(13,'string',0,'customer_service','user','你在干什么','null','2026-07-22 20:24:15'),(14,'string',0,'customer_service','assistant','您好！我正在这里随时待命，准备为您提供专业的金融理财咨询服务呢。请问您今天想了解哪方面的金融业务，或者有具体的理财需求吗？','null','2026-07-22 20:24:15'),(15,'string',0,'customer_service','user','给我推荐一支5000元起投的股票或基金','null','2026-07-22 20:27:03'),(16,'string',0,'customer_service','assistant','您好！为您推荐符合5000元起投条件的“XX红利价值股票”基金。\n\n该产品为股票型基金，风险等级为R3（中风险），起投金额5,000元，适合资金闲置期限在3年以上、能承受单一市场及汇率波动风险的长期投资者。\n\n温馨提示：该基金近一年收益率为6.85%，历史业绩及收益率仅供参考，不构成任何投资收益承诺。理财非存款，产品有风险，投资需谨慎。建议您结合自身风险承受能力进行评估。\n\n【来源：《个人理财产品手册》1.6 XX红利价值股票】','null','2026-07-22 20:27:03'),(17,'string',0,'customer_service','user','有什么年化5%以上的稳健型理财','null','2026-07-22 20:29:58'),(18,'string',0,'customer_service','assistant','该问题需要人工客服进一步确认','null','2026-07-22 20:29:58'),(19,'string',0,'customer_service','user','有什么稳健型理财可以推荐一下','null','2026-07-22 20:32:08'),(20,'string',0,'customer_service','assistant','您好！为您推荐以下稳健型（R2中低风险）理财产品：\n\n1. **XX稳健增利债A**：1000元起投，预期收益约4.5%，适合资金闲置1年以上、追求稳定收益的投资者。\n2. **XX季季盈90天**：1万元起投，预期收益约4.0%，适合资金闲置90天左右的投资者。\n\n对于稳健型客户，建议采用组合配置：货币基金10%+债券基金30%+混合基金30%+银行理财20%+保险10%，预期组合收益约5.0-6.5%，以实现资产稳健增值并兼顾保障。\n\n温馨提示：以上预期收益仅供参考，不构成任何投资收益承诺。理财非存款，产品有风险，投资需谨慎。\n\n【来源：《个人理财产品手册》4.2 按客户类型的推荐策略、1.2 XX稳健增利债券A】','null','2026-07-22 20:32:08'),(21,'string',0,'customer_service','assistant','您好！针对稳健型客户，建议采用组合配置：货币基金10%+债券基金30%+混合基金30%+银行理财20%+保险10%，预期组合收益约5.0-6.5%。\n\n温馨提示：以上预期收益仅供参考，不构成任何投资收益承诺。理财非存款，产品有风险，投资需谨慎。\n\n关于具体年化5%以上的单一稳健型理财产品，抱歉，我暂时无法回答这个问题。建议您拨打客服热线400-XXX-XXXX咨询人工客服。\n\n【来源：《个人理财产品手册》4.2 按客户类型的推荐策略】','null','2026-07-22 20:36:12'),(22,'string',0,'customer_service','user','有什么年化5%以上的稳健型理财','null','2026-07-22 20:36:12'),(23,'string',0,'customer_service','user','有什么年化5%以上的稳健型理财','null','2026-07-22 20:54:43'),(24,'string',0,'customer_service','assistant','您好！针对稳健型客户，建议采用组合配置：货币基金10%+债券基金30%+混合基金30%+银行理财20%+保险10%，预期组合收益约5.0-6.5%。\n\n温馨提示：以上预期收益仅供参考，不构成任何投资收益承诺。理财非存款，产品有风险，投资需谨慎。\n\n关于具体年化5%以上的单一稳健型理财产品，抱歉，我暂时无法回答这个问题。建议您拨打客服热线400-XXX-XXXX咨询人工客服。\n\n【来源：《个人理财产品手册》4.2 按客户类型的推荐策略】','null','2026-07-22 20:54:43'),(25,'string',0,'customer_service','user','公司全称是什么','null','2026-07-22 21:51:06'),(26,'string',0,'customer_service','assistant','我们公司全称是XX科技，专注智能财富管理。您是想了解我们的理财服务吗？我可以为您介绍。','null','2026-07-22 21:51:06'),(27,'string',0,'customer_service','user','有什么年化5%以上的稳健型理财','null','2026-07-22 21:52:18'),(28,'string',0,'customer_service','assistant','该问题需要人工客服进一步确认','null','2026-07-22 21:52:18'),(29,'string',0,'customer_service','user','有什么年化5%以上的稳健型理财','null','2026-07-22 21:56:02'),(30,'string',0,'customer_service','assistant','该问题需要人工客服进一步确认','null','2026-07-22 21:56:02'),(31,'string',0,'customer_service','user','公司全称是什么','null','2026-07-22 21:56:47'),(32,'string',0,'customer_service','assistant','我们是XX科技智能财富管家，专注提供智能理财服务。您对稳健型理财的收益要求，我们可以帮您筛选适合的资产配置方案，需要帮您转接专业顾问吗？','null','2026-07-22 21:56:47'),(33,'string',0,'customer_service','user','需要','null','2026-07-22 21:57:07'),(34,'string',0,'customer_service','assistant','好的，正在为您转接专业理财顾问，请稍候。他们将为您详细分析符合5%年化目标的稳健方案。','null','2026-07-22 21:57:07'),(35,'string',0,'customer_service','user','有什么年化5%以上的稳健型理财','null','2026-07-22 22:00:00'),(36,'string',0,'customer_service','assistant','该问题需要人工客服进一步确认','null','2026-07-22 22:00:00'),(37,'string',0,'customer_service','user','R1到R5风险等级是什么意思','null','2026-07-22 22:03:00'),(38,'string',0,'customer_service','assistant','该问题需要人工客服进一步确认','null','2026-07-22 22:03:00'),(39,'string',0,'customer_service','user','有什么年化5%以上的稳健型理财','null','2026-07-22 22:04:46'),(40,'string',0,'customer_service','assistant','该问题需要人工客服进一步确认','null','2026-07-22 22:04:46'),(41,'string',0,'customer_service','user','有什么年化5%以上的稳健型理财','null','2026-07-22 22:07:15'),(42,'string',0,'customer_service','assistant','该问题需要人工客服进一步确认','null','2026-07-22 22:07:15'),(43,'string',0,'customer_service','user','有什么年化5%以上的稳健型理财','null','2026-07-22 22:24:39'),(44,'string',0,'customer_service','assistant','您好！我是智能财富管家AI客服，请问有什么可以帮您的？','null','2026-07-22 22:24:39'),(45,'string',0,'customer_service','user','有什么年化5%以上的稳健型理财','null','2026-07-22 22:27:16'),(46,'string',0,'customer_service','assistant','抱歉，该问题需要人工客服进一步确认。请拨打客服热线400-XXX-XXXX。','null','2026-07-22 22:27:16'),(47,'string',0,'customer_service','user','资管新规对我的理财有什么影响','null','2026-07-22 22:28:03'),(48,'string',0,'customer_service','assistant','该问题需要人工客服进一步确认','null','2026-07-22 22:28:03'),(49,'string',0,'customer_service','user','资管新规对我的理财有什么影响','null','2026-07-22 22:31:30'),(50,'string',0,'customer_service','assistant','抱歉，我暂时无法回答这个问题。建议您拨打客服热线400-XXX-XXXX咨询人工客服。','null','2026-07-22 22:31:30'),(51,'string',0,'customer_service','assistant','您好！目前单一的稳健型（中低风险）理财产品收益率多在4%左右，如“XX稳健增利债券A”近一年收益率为4.52%。若您期望5%以上的稳健收益，建议通过资产配置实现。针对稳健型客户，推荐包含债券基金、混合基金等的组合配置策略，预期组合收益约5.0%-6.5%。\n\n请注意，理财产品的收益率仅供参考，不构成投资承诺，过往业绩不代表未来表现。如需进一步了解或进行风险评估，建议您拨打客服热线400-XXX-XXXX咨询人工客服。\n\n【来源：《个人理财产品手册》1.2 XX稳健增利债券A、4.2 按客户类型的推荐策略】','null','2026-07-22 22:33:59'),(52,'string',0,'customer_service','user','有什么年化5%以上的稳健型理财','null','2026-07-22 22:33:59'),(53,'string',0,'customer_service','user','资管新规对我的理财有什么影响','null','2026-07-22 22:35:43'),(54,'string',0,'customer_service','assistant','抱歉，我暂时无法回答这个问题。建议您拨打客服热线400-XXX-XXXX咨询人工客服。','null','2026-07-22 22:35:43'),(55,'string',0,'customer_service','assistant','抱歉，我暂时无法回答这个问题。建议您拨打客服热线400-XXX-XXXX咨询人工客服。','null','2026-07-22 22:39:03'),(56,'string',0,'customer_service','user','资管新规对我的理财有什么影响','null','2026-07-22 22:39:03'),(57,'string',0,'customer_service','user','有什么债券基金','null','2026-07-22 22:40:03'),(58,'string',0,'customer_service','assistant','您好！目前我们重点推荐的债券基金是**XX稳健增利债券A**。\n\n这是一款纯债债券型基金，风险等级为R2（中低风险），起投金额1,000元。该基金主要投资于国债、政策性金融债、AAA级信用债等高品质固定收益资产，不参与股票和可转债投资。其近一年收益率为4.52%，近一年最大回撤为-0.82%。\n\n该产品适合风险承受能力在稳健型（C2）及以上、追求稳定收益且资金闲置期限在1年以上的中长期投资者。\n\n温馨提示：理财产品的收益率仅供参考，不构成投资承诺，投资需谨慎。\n\n【来源：《个人理财产品手册》1.2 XX稳健增利债券A】','null','2026-07-22 22:40:03'),(59,'e2e-cs-001',3,'customer_service','user','有什么年化5%以上的稳健型理财？','null','2026-07-22 23:20:50'),(60,'e2e-cs-001',3,'customer_service','assistant','您好！需要提示您，理财产品非存款，不保证本金和收益，过往业绩不代表未来表现。\n\n根据现有资料，我行稳健型（R2中低风险）单一理财产品的近一年实际收益率或业绩比较基准多在4%左右（如XX稳健增利债券A近一年收益率4.52%，XX季季盈90天业绩比较基准3.8%-4.2%），暂无单一产品达到年化5%以上。针对稳健型客户，我们通过资产配置组合的预期收益约为5.0-6.5%，但这并非单一产品承诺。\n\n抱歉，我暂时无法回答这个问题。建议您拨打客服热线400-XXX-XXXX咨询人工客服。\n\n【来源：《个人理财产品手册》1.2 XX稳健增利债券A、2.1 XX季季盈90天、4.2 按客户类型的推荐策略】','null','2026-07-22 23:20:50'),(61,'e2e-cs-001',3,'customer_service','user','有什么年化5%以上的稳健型理财？','null','2026-07-22 23:21:10'),(62,'e2e-cs-001',3,'customer_service','assistant','您好！根据现有资料，目前稳健型（中低风险）理财产品如“XX稳健增利债券A”（近一年收益率4.52%）、“XX季季盈90天”（业绩比较基准3.8%-4.2%）及“XX结构性存款”（最高预期收益4.2%），其收益均未达到年化5%以上。理财产品的历史收益和业绩比较基准仅供参考，不构成实际收益承诺，投资需谨慎。\n\n抱歉，我暂时无法回答这个问题。建议您拨打客服热线400-XXX-XXXX咨询人工客服。\n\n【来源：《个人理财产品手册》1.2 XX稳健增利债券A、2.1 XX季季盈90天、2.3 XX结构性存款】','null','2026-07-22 23:21:10'),(63,'e2e-cs-001',3,'customer_service','user','风险高吗','null','2026-07-22 23:21:17'),(64,'e2e-cs-001',3,'customer_service','assistant','您好！理财产品的风险等级由低到高分为R1至R5。您之前关注的稳健型理财（如XX稳健增利债A等）风险等级为R2（中低风险），主要投资债券等资产，风险相对较低，适合厌恶本金大幅波动的投资者。\n\n但需特别提示：理财非存款，不保证本金和收益，过往业绩不代表未来表现。若您考虑R3（中风险）的混合/股票型基金或R4（中高风险）产品，风险会相应提高，净值波动和最大回撤也会更大。建议您根据自身的风险承受能力进行选择。\n\n【来源：《个人理财产品手册》产品列表及适合人群】','null','2026-07-22 23:21:17'),(65,'e2e-cs-001',3,'customer_service','assistant','您好！理财产品的风险高低取决于具体的风险等级。以刚才为您介绍的稳健型理财（如XX稳健增利债A、XX季季盈90天）为例，其风险等级为R2（中低风险），主要投资于债券等固定收益资产，风险相对较低。\n\n但需特别提示您：理财产品非存款，不保证本金和收益，过往业绩不代表未来表现，依然存在本金亏损的可能。我行产品风险等级从R1（低风险）到R4（中高风险）不等，风险与预期收益通常成正比。\n\n如需了解特定产品的详细风险说明，欢迎随时告诉我产品名称。\n\n【来源：《个人理财产品手册》产品概览表、1.2 XX稳健增利债券A、2.1 XX季季盈90天】','null','2026-07-22 23:21:54'),(66,'e2e-cs-001',3,'customer_service','user','风险高吗','null','2026-07-22 23:21:54'),(67,'e2e-cs-001',3,'customer_service','user','有什么稳健型理财','null','2026-07-22 23:22:40'),(68,'e2e-cs-001',3,'customer_service','assistant','您好！为您推荐以下几款稳健型（R1-R2级）理财产品：\n\n1. **XX货币基金**（R1）：1元起投，预期约2.0%，流动性高，适合日常现金管理。\n2. **XX稳健增利债券A**（R2）：1000元起投，纯债基金，预期约4.5%，适合追求稳定收益的投资者。\n3. **XX季季盈90天**（R2）：1万元起投，90天封闭，业绩基准3.8%-4.2%，适合有明确资金期限安排的投资者。\n4. **XX结构性存款**（R2）：20万起投，50万内受存款保险保障，保底1.45%，最高预期4.2%。\n\n温馨提示：理财非存款，不保证本金和收益（结构性存款除外），过往业绩不代表未来表现。请根据自身风险承受能力进行选择。\n\n【来源：《个人理财产品手册》产品列表、1.2 XX稳健增利债券A、2.1 XX季季盈90天、2.3 XX结构性存款】','null','2026-07-22 23:22:40'),(69,'e2e-cs-001',3,'customer_service','user','有什么稳健型理财','null','2026-07-22 23:24:08'),(70,'e2e-cs-001',3,'customer_service','assistant','您好！为您推荐以下稳健型（R1-R2级）理财产品：\n\n1. **XX货币基金**(R1)：1元起投，流动性高，适合日常现金管理。\n2. **XX稳健增利债券A**(R2)：1000元起投，纯债基金，适合追求稳定收益者。\n3. **XX季季盈90天**(R2)：1万元起投，90天封闭，适合有明确资金期限安排者。\n4. **XX结构性存款**(R2)：20万起投，50万内受存款保险保障，适合追求本金安全与浮动收益者。\n\n提示：产品预期收益或业绩基准仅供参考，不构成投资承诺。理财非存款，投资需谨慎，请根据自身风险承受能力选择。\n\n【来源：《个人理财产品手册》产品概览表、1.2 XX稳健增利债券A、2.1 XX季季盈90天、2.3 XX结构性存款】','null','2026-07-22 23:24:08'),(71,'string',0,'customer_service','user','有什么年化5%以上的稳健型理财','null','2026-07-23 10:15:32'),(72,'string',0,'customer_service','assistant','您好！我是智能财富管家AI客服，请问有什么可以帮您的？','null','2026-07-23 10:15:32'),(73,'string',0,'customer_service','user','有什么年化5%以上的稳健型理财','null','2026-07-23 10:26:45'),(74,'string',0,'customer_service','assistant','您好！我是智能财富管家AI客服，请问有什么可以帮您的？','null','2026-07-23 10:26:45'),(75,'string',0,'customer_service','user','有什么年化5%以上的稳健型理财','null','2026-07-23 10:28:59'),(76,'string',0,'customer_service','assistant','您好！我是智能财富管家AI客服，请问有什么可以帮您的？','null','2026-07-23 10:28:59'),(77,'string',0,'customer_service','user','有什么年化5%以上的稳健型理财','null','2026-07-23 10:34:16'),(78,'string',0,'customer_service','assistant','抱歉，该问题需要人工客服进一步确认。请拨打客服热线400-XXX-XXXX。','null','2026-07-23 10:34:16'),(79,'string',0,'customer_service','assistant','抱歉，该问题需要人工客服进一步确认。请拨打客服热线400-XXX-XXXX。','null','2026-07-23 10:39:13'),(80,'string',0,'customer_service','user','有什么年化5%以上的稳健型理财','null','2026-07-23 10:39:13'),(81,'string',0,'customer_service','user','有什么年化5%以上的稳健型理财','null','2026-07-23 10:45:18'),(82,'string',0,'customer_service','assistant','{\"reply\": \"您好！根据目前的资料，风险等级为R2（中低风险）的稳健型产品（如XX稳健增利债A、XX季季盈90天），预期收益约在4.0%-4.5%之间，暂未达到年化5%以上。若您期望5%以上的预期收益，可考虑风险等级为R3（中风险）的产品，如XX平衡优选混合（预期收益约8.2%）或XX红利价值股票（预期收益约6.9%）。请注意，理财产品的预期收益仅供参考，不构成投资承诺，历史收益也不代表未来表现。较高预期收益通常伴随较高风险，建议您根据自身风险承受能力谨慎选择。如需进一步评估，可联系人工客服。\", \"sources\": [\"《个人理财产品手册》\"], \"need_human\": false, \"confidence\": 0.9}','null','2026-07-23 10:45:18'),(83,'string',0,'customer_service','user','资管新规对我的理财有什么影响','null','2026-07-23 10:46:49'),(84,'string',0,'customer_service','assistant','{\"reply\": \"您好！关于资管新规对您理财的具体影响，目前的参考资料中暂未提供详细信息。为了给您提供准确、专业的解答，建议您联系人工客服进行详细咨询。您可以拨打客服热线400-XXX-XXXX，或在APP内联系在线客服。感谢您的理解与支持！\", \"sources\": [], \"need_human\": true, \"confidence\": 0.0}','null','2026-07-23 10:46:49'),(85,'string',0,'customer_service','user','资管新规对我的理财有什么影响','null','2026-07-23 11:03:16'),(86,'string',0,'customer_service','assistant','您好！关于资管新规（即《关于规范金融机构资产管理业务的指导意见》）对您理财的具体影响，目前的参考资料中暂未提供详细说明。为了给您提供准确、专业的解答，建议您联系人工客服进行详细咨询。感谢您的理解与支持！','null','2026-07-23 11:03:16'),(87,'string',0,'customer_service','user','资管新规对我的理财有什么影响','null','2026-07-23 11:06:59'),(88,'string',0,'customer_service','assistant','您好！关于资管新规（即《关于规范金融机构资产管理业务的指导意见》）对您理财的具体影响，目前的参考资料中暂未提供详细说明。为了给您提供准确、专业的解答，建议您联系人工客服进行详细咨询。您可以拨打客服热线或在APP内联系在线客服。感谢您的理解与支持！','null','2026-07-23 11:06:59'),(89,'string',0,'customer_service','user','资管新规对我的理财有什么影响','null','2026-07-23 11:10:27'),(90,'string',0,'customer_service','assistant','您好！关于资管新规（即《关于规范金融机构资产管理业务的指导意见》）对您理财的具体影响，目前的参考资料中暂未提供详细说明。为了给您提供准确、专业的解答，建议您联系人工客服进行详细咨询。您可以拨打客服热线或在APP内联系在线客服。感谢您的理解与支持！','null','2026-07-23 11:10:27'),(91,'string',0,'customer_service','assistant','您好！关于资管新规（即《关于规范金融机构资产管理业务的指导意见》）对您理财的具体影响，目前的参考资料中暂未提供详细说明。为了给您提供准确、专业的解答，建议您联系人工客服进行详细咨询。您可以拨打客服热线或在APP内联系在线客服。感谢您的理解与支持！','null','2026-07-23 11:23:13'),(92,'string',0,'customer_service','user','资管新规对我的理财有什么影响','null','2026-07-23 11:23:13'),(93,'string',0,'customer_service','user','资管新规对我的理财有什么影响','null','2026-07-23 11:25:10'),(94,'string',0,'customer_service','assistant','您好！关于资管新规（《关于规范金融机构资产管理业务的指导意见》）对您理财的具体影响，目前的参考资料中暂未提供详细说明。为了给您提供准确、专业的解答，建议您联系人工客服进行详细咨询。您可以拨打客服热线或在APP内联系在线客服。感谢您的理解与支持！','null','2026-07-23 11:25:10'),(95,'string',0,'customer_service','assistant','您好！关于资管新规（《关于规范金融机构资产管理业务的指导意见》）对您理财的具体影响，目前的参考资料中暂未提供详细说明。为了给您提供准确、专业的解答，建议您联系人工客服进行详细咨询。您可以拨打客服热线或在APP内联系在线客服。感谢您的理解与支持！','null','2026-07-23 11:27:41'),(96,'string',0,'customer_service','user','资管新规对我的理财有什么影响','null','2026-07-23 11:27:41'),(97,'string',0,'customer_service','user','资管新规对我的理财有什么影响','null','2026-07-23 11:29:37'),(98,'string',0,'customer_service','assistant','您好！关于资管新规（《关于规范金融机构资产管理业务的指导意见》）对您理财的具体影响，目前的参考资料中暂未提供详细说明。为了给您提供准确、专业的解答，建议您联系人工客服进行详细咨询。您可以拨打客服热线或在APP内联系在线客服。感谢您的理解与支持！','null','2026-07-23 11:29:37'),(99,'test-round1-001',1,'customer_service','assistant','根据现有产品手册，稳健型（R2及以下）理财产品的年化收益率普遍在3.0%-4.5%之间，未发现年化5%以上的产品。例如XX稳健增利债券A（R2）近一年收益率为4.52%，XX季季盈90天（R2）业绩比较基准为3.8%-4.2%。当前市场环境下，较低风险的产品难以达到5%以上的收益水平，请您合理评估收益预期。若您愿意考虑平衡型或进取型配置，可参考手册中的组合策略，但相应风险会有所增加。','null','2026-07-23 12:10:06'),(100,'test-round1-001',1,'customer_service','user','有什么年化5%以上的稳健型理财产品吗？','null','2026-07-23 12:10:06'),(101,'test-round1-002',1,'customer_service','user','基金申购后多久确认？','null','2026-07-23 12:10:19'),(102,'test-round1-002',1,'customer_service','assistant','交易日15:00前提交的申购申请，T+1日确认份额（QDII基金为T+2日）；15:00后提交则顺延至下一交易日。确认后即可查看持仓和收益。非交易日（周末及法定节假日）提交的申请顺延至下一交易日处理。','null','2026-07-23 12:10:19'),(103,'test-round1-003',1,'customer_service','user','资管新规对我的理财有什么影响？','null','2026-07-23 12:10:37'),(104,'test-round1-003',1,'customer_service','assistant','关于资管新规的具体影响，目前参考资料中暂未提供详细解读。建议您联系人工客服，我们将为您安排专业顾问进行一对一解答，帮助您全面了解新规对您现有理财计划可能带来的变化。','null','2026-07-23 12:10:37'),(105,'test-round1-004',1,'customer_service','user','你好','null','2026-07-23 12:10:41'),(106,'test-round1-004',1,'customer_service','assistant','你好！我是你的智能财富管家，很高兴为你服务！需要咨询理财、资产配置或其他金融问题吗？随时告诉我～','null','2026-07-23 12:10:41'),(107,'test-round1-001',1,'customer_service','user','有什么年化5%以上的稳健型理财产品吗？','null','2026-07-23 12:12:09'),(108,'test-round1-001',1,'customer_service','assistant','稳健型（R2及以下）理财产品目前年化收益普遍在3.0%-4.5%，暂无年化5%以上的产品。例如XX稳健增利债券A（R2）近一年收益4.52%，XX季季盈90天（R2）业绩比较基准3.8%-4.2%。若希望提升收益，可考虑平衡型（C3/C4）资产组合，预期收益约7%-10%，但风险相应增加，不承诺收益。如需具体方案，可联系人工顾问详询。','null','2026-07-23 12:12:09'),(109,'test-round1-002',1,'customer_service','user','基金申购后多久确认？','null','2026-07-23 12:12:22'),(110,'test-round1-002',1,'customer_service','assistant','交易日15:00前提交的申购申请，T+1日确认份额（QDII基金为T+2日）；15:00后提交则顺延至下一交易日。确认后即可查看持仓和收益。非交易日（周末及法定节假日）提交的申请顺延至下一交易日处理。','null','2026-07-23 12:12:22'),(111,'test-round1-003',1,'customer_service','user','资管新规对我的理财有什么影响？','null','2026-07-23 12:12:39'),(112,'test-round1-003',1,'customer_service','assistant','关于资管新规的具体影响，目前参考资料中暂未提供详细解读。建议您联系人工客服，我们将为您安排专业顾问进行一对一解答，帮助您全面了解新规对您现有理财计划可能带来的变化。','null','2026-07-23 12:12:39'),(113,'test-round1-004',1,'customer_service','user','你好','null','2026-07-23 12:12:47'),(114,'test-round1-004',1,'customer_service','assistant','嗨～又见面啦！今天有什么理财计划或疑问吗？我在这儿随时帮你解答哦！','null','2026-07-23 12:12:47'),(115,'test-round2-001',1,'customer_service','user','','null','2026-07-23 12:17:48'),(116,'test-round2-001',1,'customer_service','assistant','你好呀！很高兴见到你～我是你的智能财富管家，今天有什么理财问题需要我帮忙吗？','null','2026-07-23 12:17:48'),(117,'test-round2-002',1,'customer_service','user','AAAAAAAAAAAAAAAAAAAAAAAAAAAAAAAAAAAAAAAAAAAAAAAAAAAAAAAAAAAAAAAAAAAAAAAAAAAAAAAAAAAAAAAAAAAAAAAAAAAAAAAAAAAAAAAAAAAAAAAAAAAAAAAAAAAAAAAAAAAAAAAAAAAAAAAAAAAAAAAAAAAAAAAAAAAAAAAAAAAAAAAAAAAAAAAAAAAAAAAAAAAAAAAAAAAAAAAAAAAAAAAAAAAAAAAAAAAAAAAAAAAAAAAAAAAAAAAAAAAAAAAAAAAAAAAAAAAAAAAAAAAAAAAAAAAAAAAAAAAAAAAAAAAAAAAAAAAAAAAAAAAAAAAAAAAAAAAAAAAAAAAAAAAAAAAAAAAAAAAAAAAAAAAAAAAAAAAAAAAAAAAAAAAAAAAAAAAAAAAAAAAAAAAAAAAAAAAAAAAAAAAAAAAAAAAAAAAAAAAAAAAAAAAAAAAAAAAAAAAAAAAAAAAAAAAAAAAAAAAAAAAAAAAAAAAAAAAAAAAAAAAAAAAAAAAAAAAAAAAAAAAAAAAAAAAAAAAAAAAAAAAAAAAAAAAAAAAAAAAAAAAAAAAAAAAAAAAAAAAAAAAAAAAAAAAAAAAAAAAAAAAAAAAAAAAAAAAAAAAAAAAAAAAAAAAAAAAAAAAAAAAAAAAAAAAAAAAAAAAAAAAAAAAAAAAAAAAAAAAAAAAAAAAAAAAAAAAAAAAAAAAAAAAAAAAAAAAAAAAAAAAAAAAAAAAAAAAAAAAAAAAAAAAAAAAAAAAAAAAAAAAAAAAAAAAAAAAAAAAAAAAAAAAAAAAAAAAAAAAAAAAAAAAAAAAAAAAAAAAAAAAAAAAAAAAAAAAAAAAAAAAAAAAAAAAAAAAAAAAAAAAAAAAAAAAAAAAAAAAAAAAAAAAAAAAAAAAAAAAAAAAAAAAAAAAAAAAAAAAAAAAAAAAAAAAAAAAAAAAAAAAAAAAAAAAAAAAAAAAAAAAAAAAAAAAAAAAAAAAAAAAAAAAAAAAAAAAAAAAA','null','2026-07-23 12:17:57'),(118,'test-round2-002',1,'customer_service','assistant','您好！看起来您输入了一串A，是有什么特别的意思吗？😊 不管怎样，我是您的智能财富管家，需要了解理财或金融服务，随时告诉我哦~','null','2026-07-23 12:17:57'),(119,'test-round2-003',1,'customer_service','user','<script>alert(1)</script>','null','2026-07-23 12:18:07'),(120,'test-round2-003',1,'customer_service','assistant','您好，我是您的智能财富管家，专注于理财咨询。如有投资问题，欢迎随时提问！','null','2026-07-23 12:18:07'),(121,'test-round2-004',1,'customer_service','assistant','正在为您转接人工客服，请稍候...','null','2026-07-23 12:18:12'),(122,'test-round2-004',1,'customer_service','user','我要找人工客服','null','2026-07-23 12:18:12'),(123,'test-round2-005',1,'customer_service','user','今天天气怎么样？','null','2026-07-23 12:18:19'),(124,'test-round2-005',1,'customer_service','assistant','今天阳光不错呢！不过比起天气，您最近关注理财收益了吗？如果有需要，我可以帮您分析投资方案～','null','2026-07-23 12:18:19'),(125,'test-round2-006',1,'customer_service','user','这个产品保本保息吗？','null','2026-07-23 12:18:48'),(126,'test-round2-006',1,'customer_service','assistant','抱歉，该问题需要人工客服进一步确认。请拨打客服热线400-XXX-XXXX。','null','2026-07-23 12:18:48'),(127,'test-round3-001',1,'customer_service','assistant','根据您中等风险偏好和10万投资金额，可参考以下产品：1）XX稳健增利债A（R2）起投1000元，主要投资高品质固收资产，预期收益约4.5%，适合1年以上；2）XX平衡优选混合（R3）起投5000元，股债均衡配置，股票仓位50%-70%，预期收益约8.2%，建议持有3年以上；3）XX红利价值股票（R3）起投5000元，投向高股息蓝筹股，历史股息率约3.2%，近一年收益6.85%，适合3年以上。以上均为浮动收益，历史收益不代表未来表现，不保本。请根据您对流动性的需求选择。如需更个性化规划，建议联系人工顾问。','null','2026-07-23 12:21:16'),(128,'test-round3-001',1,'customer_service','user','我想投资10万，风险承受能力中等，有什么推荐？','null','2026-07-23 12:21:16'),(129,'test-round3-multi',1,'customer_service','user','有什么稳健型理财产品？','null','2026-07-23 12:21:35'),(130,'test-round3-multi',1,'customer_service','assistant','您好！目前我们有多款稳健型理财产品可供选择，风险等级均为R1或R2（低至中低风险）。例如：XX货币基金，1元起投，流动性高，收益约2.0%；XX稳健增利债券A，纯债基金，1000元起投，近一年收益率4.52%，适合中长期资金；XX季季盈90天，1万元起投，业绩比较基准3.8%-4.2%（年化），90天封闭运作，到期自动赎回；还有XX结构性存款，20万元起投，保底利率1.45%，最高预期收益4.2%，本金50万元内受存款保险保障。您可根据资金期限和风险偏好选择，但请注意，所有收益均为历史或预期数据，不构成收益承诺，市场有风险，投资需谨慎。','null','2026-07-23 12:21:35'),(131,'test-round3-multi',1,'customer_service','user','那风险等级是多少？','null','2026-07-23 12:21:56'),(132,'test-round3-multi',1,'customer_service','assistant','非常抱歉，根据我目前掌握的参考资料，没有详细列明您提到的几款产品的具体风险等级。为了确保您获取准确信息，建议您通过APP产品详情页查看或联系人工客服咨询。','null','2026-07-23 12:21:56'),(133,'test-round3-multi',1,'customer_service','user','起投金额呢？','null','2026-07-23 12:22:16'),(134,'test-round3-multi',1,'customer_service','assistant','您关心的几款稳健型产品的起投金额如下：XX货币基金1元起投，XX稳健增利债券A 1000元起投，XX季季盈90天1万元起投。关于XX结构性存款的起投金额，我暂时没有找到相关资料，建议您查阅产品详情页或联系人工客服获取准确信息。投资需谨慎。','null','2026-07-23 12:22:16'),(135,'test-round3-005',1,'customer_service','assistant','好的！我司的稳健产品有固收类理财和纯债基金，历史波动低。资管新规后打破刚兑，产品净值化管理，建议您根据风险评级选择匹配的产品，我可以帮您做个测评～','null','2026-07-23 12:22:21'),(136,'test-round3-005',1,'customer_service','user','先帮我看看有什么稳健产品，然后再告诉我资管新规的影响','null','2026-07-23 12:22:21'),(137,'test-round3-006',1,'customer_service','user','什么是夏普比率？','null','2026-07-23 12:22:30'),(138,'test-round3-006',1,'customer_service','assistant','您的问题涉及金融专业术语“夏普比率”，目前我的资料库中暂未收录该概念的详细解释。为了确保您获得准确信息，建议您联系人工客服或查阅专业金融资料，我将为您转接人工服务。','null','2026-07-23 12:22:30'),(139,'string',0,'customer_service','user','资管新规对我的理财有什么影响','null','2026-07-23 16:39:15'),(140,'string',0,'customer_service','assistant','资管新规（《关于规范金融机构资产管理业务的指导意见》）作为我司投资者适当性管理的重要监管依据，主要推动理财产品向净值化转型、打破刚性兑付。由于参考资料中未包含其对具体产品影响的详细说明，我无法给出更深入解读，建议您联系人工客服获取专业解答。','null','2026-07-23 16:39:15'),(141,'string',0,'customer_service','user','有什么年化5%以上的稳健型理财','null','2026-07-23 16:41:07'),(142,'string',0,'customer_service','assistant','根据我司现有《个人理财产品手册》，稳健型产品如XX稳健增利债券A近一年收益率为4.52%，XX季季盈90天业绩比较基准为3.8%-4.2%（近一年实际4.05%），XX结构性存款最高预期收益为4.2%，均未达到年化5%以上。理财产品的收益率仅供参考，不构成收益承诺，选择时需匹配自身风险承受能力。若您希望进一步了解，建议联系人工客服获取更多建议。','null','2026-07-23 16:41:07'),(143,'string',0,'customer_service','user','有什么债券基金','null','2026-07-23 16:42:26'),(144,'string',0,'customer_service','assistant','我司目前重点推荐的债券基金是“XX稳健增利债券A”（代码XXXXXX），属于纯债债券型基金，风险等级R2（中低风险）。近一年收益率4.52%，近三年12.86%，近五年22.35%，最大回撤仅-0.82%。起投金额1000元，基金经理李某拥有15年固收投资经验。该基金主要投资国债、政策性金融债和AAA级信用债，不参与股票投资，适合追求稳定收益、资金闲置1年以上的投资者。注意：历史收益不代表未来表现，投资需谨慎。如需更多产品选择或配置建议，可联系人工客服。','null','2026-07-23 16:42:26'),(145,'chk',3,'customer_service','user','你好','null','2026-07-23 18:18:24'),(146,'chk',3,'customer_service','assistant','您好！很高兴为您服务～我是智能财富管家，任何理财问题随时问我哦。','null','2026-07-23 18:18:29'),(147,'chk',3,'customer_service','user','你好','null','2026-07-23 18:19:20'),(148,'chk',3,'customer_service','assistant','您好呀！有什么财富管理需求，我可以帮您看看哦～','null','2026-07-23 18:19:20'),(149,'chk',3,'customer_service','user','你好','null','2026-07-23 18:19:47'),(150,'chk',3,'customer_service','assistant','您好！很高兴再次见到您～需要我帮您查询理财产品或者解答其他金融问题吗？','null','2026-07-23 18:19:47'),(151,'web-mrxfn73h',11,'customer_service','user','我有50万，希望稳健投资','null','2026-07-23 19:33:49'),(152,'web-mrxfn73h',11,'customer_service','assistant','抱歉，该问题需要人工客服进一步确认。请拨打客服热线400-XXX-XXXX。','null','2026-07-23 19:33:49'),(153,'web-mrxfn73h',11,'customer_service','user','你好','null','2026-07-23 19:36:33'),(154,'web-mrxfn73h',11,'customer_service','assistant','您好！很高兴为您服务。有什么理财需求我可以帮您呢？','null','2026-07-23 19:36:33'),(155,'web-mrxfn73h',11,'customer_service','user','公司全称是什么','null','2026-07-23 19:37:48'),(156,'web-mrxfn73h',11,'customer_service','assistant','我们需要理解用户的问题：“公司全称是什么”。之前的对话历史显示用户先问了“我有50万，希望稳健投资”，然后AI回复说需要人工客服确认并给了一个热线电话。接着用户说了“你好”，AI回复了“您好！很高兴为您服务。有什么理财需求我可以帮您呢？”现在用户直接问“公司全称是什么”。\n\n根据系统提示，我是XX科技智能财富管家的AI客服助手，用户正在闲聊，我需要友好回复并适时引导回金融业务话题。提示中给出示例：如果用户完全无关的话题，礼貌说明你是金融客服助手。\n\n现在用户问公司全称，这似乎是在询问我们公司的全称。从上下文看，之前AI提到了“请拨打客服热线400-XXX-XXXX”，这暗示我们可能代表一家金融科技公司。但系统开头说“你是XX科技智能财富管家的AI客服助手”，这里“XX科技”可能就是一个占位符，实际应该是某个公司。既然用户','null','2026-07-23 19:37:48'),(157,'web-mrxftxqe',11,'customer_service','user','有什么年化5%以上的稳健型理财','null','2026-07-23 19:39:40'),(158,'web-mrxftxqe',11,'customer_service','assistant','根据您关注的“稳健型”产品（中低风险R2级），现有理财如纯债基金近一年收益约4.52%、银行理财约4.05%、结构性存款最高4.2%，均未达到年化5%。若希望提升收益，可考虑稳健型资产配置组合（如债券基金混合一定比例混合基金），资料显示预期组合收益在5.0%-6.5%，但风险也会相应上升，不保本且净值有波动。收益仅为历史或预期参考，不构成承诺。您可进一步提供风险测评结果，由我们为您做更匹配的规划。','null','2026-07-23 19:39:40'),(159,'web-mrxftxqe',11,'customer_service','assistant','关于资管新规对理财的具体影响，我目前可用的资料未包含详细说明。建议您联系人工客服，由专业顾问为您详细解读。','null','2026-07-23 19:41:41'),(160,'web-mrxftxqe',11,'customer_service','user','资管新规对我的理财有什么影响','null','2026-07-23 19:41:41'),(161,'web-mrxge2r1',11,'customer_service','assistant','根据您的稳健投资需求，参考我司稳健型客户配置策略，可将50万元分散配置：货币基金约5万（流动性管理），债券基金约15万（稳定收益），混合基金约15万（增值潜力），银行理财约10万（稳健固收），保险产品约5万（保障）。该组合预期收益约5.0%-6.5%，但需注意预期收益不代表实际回报，市场存在风险。具体产品选择请结合自身风险承受能力，详情可参考产品手册或咨询人工顾问。','null','2026-07-23 19:54:39'),(162,'web-mrxge2r1',11,'customer_service','user','我有50万，希望稳健投资','null','2026-07-23 19:54:39'),(163,'web-mrxge2r1',11,'customer_service','assistant','抱歉，该问题需要人工客服进一步确认。请拨打客服热线400-XXX-XXXX。','null','2026-07-23 19:55:33'),(164,'web-mrxge2r1',11,'customer_service','user','有什么年化5%以上的稳健型理财','null','2026-07-23 19:55:33'),(165,'web-mrxgicjv',11,'customer_service','user','有什么年化5%以上的稳健型理财','null','2026-07-23 19:57:53'),(166,'web-mrxgicjv',11,'customer_service','assistant','在目前的稳健型产品中，年化5%以上的选择相对有限。例如我行“XX稳健增利债A”（R2，预期收益约4.5%）与“XX年年盈365天”（R3，预期收益约4.8%）均低于5%。“XX平衡优选混合”预期收益约8.2%，但属于R3混合型产品，波动高于纯债类，不完全符合传统“稳健”定义。建议您根据自身风险承受能力，适当考虑R3等级产品或组合配置。所有收益均为预期或历史数据，不构成本金与收益承诺。','null','2026-07-23 19:57:53'),(167,'web-mrxgicjv',11,'customer_service','user','有什么债券基金','null','2026-07-23 19:58:41'),(168,'web-mrxgicjv',11,'customer_service','assistant','我行代销的债券基金主要是“XX稳健增利债券A”（代码XXXXXX），为纯债债券型基金，风险等级R2（中低风险），起投金额1000元。该产品近一年历史收益率4.52%，近三年12.86%，最大回撤-0.82%。主要投向国债、政策性金融债及AAA级信用债，不投股票，适合寻求稳健收益的投资者。历史收益不代表未来表现，投资需谨慎。','null','2026-07-23 19:58:41'),(169,'web-mrxgicjv',11,'customer_service','user','风险高吗','null','2026-07-23 19:59:25'),(170,'web-mrxgicjv',11,'customer_service','assistant','该产品风险等级为R2（中低风险），主要投资于国债、政策性金融债和AAA级信用债，不参与股票投资，历史最大回撤仅-0.82%，波动相对较小。但需注意，R2等级并非保本，净值仍可能受市场利率影响而小幅波动，历史业绩不代表未来表现，投资前请评估自身风险承受能力。','null','2026-07-23 19:59:25'),(171,'web-mrxgicjv',11,'customer_service','user','基金申购和赎回有哪些费率','null','2026-07-23 20:00:21'),(172,'web-mrxgicjv',11,'customer_service','assistant','申购费率：货币基金0申购费；债券基金0.08%-0.8%，XX科技享1折优惠；混合基金和股票基金0.15%-1.5%，均享1折优惠。赎回费率：持有7天内1.5%惩罚性费率；7天至30天0.75%；30天至365天0.5%；超过2年免赎回费。具体以产品说明书为准。','null','2026-07-23 20:00:21'),(173,'web-mrxgicjv',11,'customer_service','user','资管新规对我的理财有什么影响','null','2026-07-23 20:01:27'),(174,'web-mrxgicjv',11,'customer_service','assistant','抱歉，我目前无法提供关于资管新规对理财影响的具体解释，建议您联系人工客服获取详细解答。','null','2026-07-23 20:01:27'),(175,'web-mrxgt60o',11,'customer_service','user','资管新规对我的理财有什么影响','null','2026-07-23 20:06:40'),(176,'web-mrxgt60o',11,'customer_service','assistant','关于资管新规对理财的具体影响，我需要为您转接人工客服进行详细解答。资管新规全称为《关于规范金融机构资产管理业务的指导意见》，在适当性管理中有引用（参见《个人投资者适当性管理指南》第三条），但其对理财产品的具体影响涉及打破刚性兑付、净值化管理、禁止资金池等多方面规定，建议由专业顾问为您解读。','null','2026-07-23 20:06:40'),(177,'web-mrxiaoi2',11,'customer_service','user','我有50万，希望稳健投资','null','2026-07-23 20:48:03'),(178,'web-mrxiaoi2',11,'customer_service','assistant','根据您的稳健投资需求（50万元），您可以关注风险等级为R2及以下的理财产品。例如，本平台提供的XX稳健增利债券A（纯债基金，R2中低风险），主要投资国债、政策性金融债等高等级固收资产，历史近一年收益4.52%，最大回撤仅-0.82%，申购门槛1000元，持有超365天免赎回费。此外，XX货币基金（R1低风险）流动性高，支持快赎，适合作为现金管理工具。以上产品均不保本不保收益，但整体风险较低，请您根据自身流动性需求选择。如需个性化配置建议，可联系人工客服。','null','2026-07-23 20:48:03'),(179,'web-mrxis8vx',7,'customer_service','user','我有50万，希望稳健投资','null','2026-07-23 21:01:42'),(180,'web-mrxis8vx',7,'customer_service','assistant','根据您的稳健投资需求和50万资金规模，可参考稳健型配置思路。我行“XX稳健增利债券A”为纯债基金，风险等级R2，近一年收益4.52%，主要投资国债、AAA级信用债等，波动较低，适合作为底仓。同时可搭配“XX平衡优选混合”，股债均衡，风险等级R3，追求稳健增值。建议资金分散投资，保持流动性，避免单一资产风险。所有产品收益均为历史数据，不构成承诺，市场有风险，投资须谨慎。','null','2026-07-23 21:01:42'),(181,'web-mrxitz51',7,'customer_service','user','我想查看张三的持仓','null','2026-07-23 21:02:52'),(182,'web-mrxitz51',7,'customer_service','assistant','很抱歉，为了保障信息安全，需要您先通过身份验证才能查询持仓详情。请问是您本人需要查询吗？我可以协助您完成验证流程。','null','2026-07-23 21:02:52'),(183,'s-robust-2',3,'customer_service','user','稳健型产品有哪些','null','2026-07-24 02:07:30'),(184,'s-robust-2',3,'customer_service','assistant','...','null','2026-07-24 02:07:30'),(185,'s-robust-3',3,'customer_service','user','稳健型产品有哪些','null','2026-07-24 02:09:11'),(186,'s-robust-3',3,'customer_service','assistant','1.  **分析客户问题**：客户询问“稳健型产品有哪些”。\n2.  **分析参考资料**：\n    *   资料1：介绍了XX年年盈365天（R3，含少量权益仓位，净值波动略大于纯债产品，适合追求较高收益、资金长期不用的投资者）。\n    *   资料2：介绍了XX结构性存款（挂钩型）（R2，中低风险，保底利率1.45%，最高预期收益4.2%，适合有一定风险承受能力、追求\"本金安全+浮动收益\"的投资者）。\n    *   资料3：提供了一个产品对比表，包含风险等级、起投金额、预期收益等。其中R1和R2属于稳健型范畴。\n    *   资料4：介绍了XX年年盈365天（R3，中风险）。\n    *   资料5：介绍了XX稳健增利债券A（R2，中低风险，纯债债券型基金）。\n3.  **筛选稳健型产品**：\n    *   根据风险等级，R1和R2通常被认为是稳健型产品。\n    *   从资料3的表格中，R1产品有：XX货币基金；R2产品有：XX稳健增利债A、XX季季盈90天、XX福享年金险。\n    *   从资料2中，XX结构性存款（挂钩型）也是R2。\n    *   注意：XX年年盈365天是R3（中风险），通常不属于稳健型，属于平衡型或进取型，但资料1提到“含少量权益仓位，净值波动略大于纯债产品”，资料4明确是R3，所以不归入稳健型。\n4.  **构建回答内容**：\n    *   明确稳健型产品一般指风险等级为R1（低风险）和R2（中低风险）的产品。\n    *   列举具体产品：\n        *   R1：XX货币基金（起投1元，流动性高，预期收益约2.0%）。\n        *   R2：XX稳健增利债券A（纯债基金，起投1000元，预期收益约4.5%）。\n        *   R2：XX季季盈90天（固定收益类理财，起投1万元，业绩比较基准3.8%-4.2%）。\n        *   R2：XX结构性存款（挂钩型）（起投20万元，保底利率1.45%，最高预期收益4.2%，本金受存款保险保障）。\n        *   R2：XX福享年金险（起投年交1万元，预期收益约3.0%）。\n    *   提醒：理财产品收益率仅供参考，不构成投资承诺，投资需谨慎。\n5.  **检查回答规则**：\n    *   仅基于参考资料回答：是。\n    *   专业、准确、通俗易懂：是。\n    *   不编造信息：是。\n    *   不提供具体投资建议或收益承诺：是，加上了风险提示。\n    *   涉及“保本”等词汇时纠正：结构性存款有保底利率和存款保险，属于合规表述，但需说明收益浮动。\n    *   输出格式：严格JSON格式。\n6.  **确定字段**：\n    *   reply: 包含上述列举和风险提示。\n    *   sources: [\"个人理财产品手册\"]\n    *   need_human: false\n    *   confidence: 0.95\n7.  **精简reply字数**：确保不超过300字。\n\n草稿reply：\n稳健型产品通常指风险等级为R1（低风险）和R2（中低风险）的产品。根据您的情况，推荐以下几款：\n1. **XX货币基金**（R1）：起投1元，流动性高，预期收益约2.0%，适合短期资金管理。\n2. **XX稳健增利债券A**（R2）：纯债基金，起投1000元，预期收益约4.5%，适合1年以上投资。\n3. **XX季季盈90天**（R2）：固定收益类理财，起投1万元，业绩比较基准3.8%-4.2%，90天封闭运作。\n4. **XX结构性存款（挂钩型）**（R2）：起投20万元，保底利率1.45%，最高预期收益4.2%，本金受存款保险保障。\n5. **XX福享年金险**（R2）：年交1万元起，预期收益约3.0%，适合长期规划。\n温馨提示：以上收益率仅供参考，不代表实际收益承诺，投资有风险，请根据自身风险承受能力选择','null','2026-07-24 02:09:11'),(187,'sq-0',3,'customer_service','user','稳健型产品有哪些','null','2026-07-24 02:10:20'),(188,'sq-0',3,'customer_service','assistant','{\n  \"reply\": \"根据风险等级划分，我行的稳健型理财产品主要包括低风险（R1）和中低风险（R2）两类：\\n1. **XX货币基金**（R1）：起投1元，流动性极佳，预期收益约2.0%，适合随时取用。\\n2. **XX稳健增利债券A**（R2）：纯债基金，起投1000元，近一年收益率约4.52%，适合持有1年以上。\\n3. **XX季季盈90天**（R2）：固定收益类理财，起投1万元，90天封闭期，业绩比较基准3.8%-4.2%。\\n4. **XX结构性存款（挂钩型）**（R2）：起投20万元，保底利率1.45%，最高预期收益4.2%，本金50万内存款保险保障。\\n5. **XX福享年金险**（R2）：保险理财，年交1万元起，适合长期（10年+）规划。\\n以上产品风险较低，但投资均有风险，不代表保本','null','2026-07-24 02:10:20'),(189,'sq-1',3,'customer_service','assistant','您好！您的风险等级需要通过风险评估问卷来确定。风险评估是理财的重要环节，能帮您了解自己的风险承受能力，从而推荐合适的理财产品。您可以登录我们的APP，在\"我的-风险测评\"中完成评估。完成后，我就能为您提供更精准的理财建议啦！','null','2026-07-24 02:10:28'),(190,'sq-1',3,'customer_service','user','我的风险等级是什么','null','2026-07-24 02:10:28'),(191,'sq-2',3,'customer_service','user','推荐一款适合我的基金','null','2026-07-24 02:11:06'),(192,'sq-2',3,'customer_service','assistant','{\n  \"reply\": \"您好！为了给您推荐最合适的基金，我需要了解您的风险偏好和投资期限。根据我们的产品体系：保守型','null','2026-07-24 02:11:06'),(193,'web-mrxtz8e1',10,'customer_service','user','稳健型产品有哪些风险？','null','2026-07-24 02:15:19'),(194,'web-mrxtz8e1',10,'customer_service','assistant','抱歉，该问题需要人工客服进一步确认。请拨打客服热线400-XXX-XXXX。','null','2026-07-24 02:15:19'),(195,'final-1',3,'customer_service','user','稳健型产品有哪些','null','2026-07-24 02:18:10'),(196,'final-1',3,'customer_service','assistant','1.  **分析请求**：\n    *   角色：XX科技智能财富管家的AI客服助手。\n    *   任务：根据提供的参考资料回答客户问题“稳健型产品有哪些”。\n    *   规则：仅基于参考资料，专业准确，不编造，不承诺收益，不透露隐私，涉及风险需纠正，非金融话题引导回业务。\n    *   输出格式：严格的JSON对象，包含`reply`, `sources`, `need_human`, `confidence`。\n\n2.  **分析参考资料**：\n    *   [资料1]：结构性存款（R2中低风险，保底利率1.45%，最高预期收益4.2%）。\n    *   [资料2]：产品列表（XX货币基金 R1，XX稳健增利债A R2，XX季季盈90天 R2，XX平衡优选混合 R3，XX年年盈365天 R3，XX红利价值股票 R3，XX科技创新股票 R4，XX全球精选QDII R4，XX福享年金险 R2）。\n    *   [资料3]：XX稳健增利债券A详情（R2中低风险，纯债债券型）。\n    *   [资料4]：高股息策略等（未直接提及稳健型产品，偏向股票策略）。\n    *   [资料5]：按客户类型的推荐策略。其中提到“稳健型客户（C2/C3，中年家庭）”的配置：货币基金 10% + 债券基金 30% + 混合基金 30% + 银行理财 20% + 保险 10%。以及“保守型客户”的配置。\n\n3.  **提取“稳健型产品”相关信息**：\n    *   根据[资料5]，稳健型客户（C2/C3）配置的产品包括：货币基金、债券基金、混合基金、银行理财、保险。\n    *   根据[资料2]，风险等级为R1和R2的产品通常被视为稳健型产品：\n        *   R1：XX货币基金\n        *   R2：XX稳健增利债A、XX季季盈90天、XX福享年金险、XX结构性存款（来自资料1）\n    *   注意：混合基金（如XX平衡优选混合）风险等级为R3，属于中等风险，但在稳健型客户的配置中占30%，可以提及但需说明风险。\n\n4.  **构建回答**：\n    *   根据参考资料，稳健型产品通常指风险等级为R1和R2的产品，适合追求稳健增值的投资者。\n    *   具体产品包括：\n        1.  XX货币基金（R1，低风险，流动性高）\n        2.  XX稳健增利债券A（R2，中低风险，纯债型）\n        3.  XX季季盈90天（R2，中低风险，银行理财）\n        4.  XX结构性存款（R2，中低风险，保底利率1.45%）\n        5.  XX福享年金险（R2，保险产品）\n    *   提醒：理财产品收益率仅供参考，不构成投资承诺，投资需谨慎。\n\n5.  **校验规则**：\n    *   仅基于参考资料？是。\n    *   专业准确？是。\n    *   不编造？是。\n    *   不承诺收益？是，使用了“预期收益”、“业绩比较基准”等表述。\n    *   输出格式？JSON。\n\n6.  **生成JSON**：\n    *   reply: \"根据参考资料，稳健型产品通常指风险等级为R1和R2的产品，适合追求稳健增值的投资者。主要包括：1. XX货币基金（R1，低风险，流动性好）；2. XX稳健增利债券A（R2，中低风险，纯债型）；3. XX季季盈90天（R2，中低风险，银行理财）；4. XX结构性存款（R2，中低风险，保底利率1.45%）；5. XX福享年金险（R2，保险产品）。需要注意的是，理财产品的收益率仅供参考，不代表实际收益承诺，投资有风险，请根据自身风险承受能力选择。\"\n    *   sources: [\"《个人理财产品手册》\"]\n    *   need_human: false\n    *   confidence: 0.95\n\n7.  **微调reply**：确保字数不超过300字，表述通俗易懂。\n    \"根据参考资料，稳健型产品通常指风险等级为R1和R2的产品，适合追求稳健增值的投资者。主要包括：1. XX货币基金（R1，低风险，流动性好）；2. XX稳健增利债券A','null','2026-07-24 02:18:10'),(197,'mem-test-1',3,'customer_service','user','我叫张三，我喜欢稳健型产品','null','2026-07-24 02:33:57'),(198,'mem-test-1',3,'customer_service','assistant','抱歉，该问题需要人工客服进一步确认。请拨打客服热线400-XXX-XXXX。','null','2026-07-24 02:33:57'),(199,'mem-test-1',3,'customer_service','user','我刚才说自己叫什么？','null','2026-07-24 02:34:03'),(200,'mem-test-1',3,'customer_service','assistant','您刚才说您叫张三！抱歉，之前我误判了您的需求。您提到喜欢稳健型产品，我们有很多适合的','null','2026-07-24 02:34:03'),(201,'session-A',3,'customer_service','assistant','您好！很高兴为您服务。\n\n作为退休教师，稳健理财确实很重要。我们有一些低风险的产品，比如货币基金、国债或定期理财，比较适合您的需求。\n\n请问您目前有理财方面的疑问，或者想了解哪类产品呢？我可以为您详细介绍。','null','2026-07-24 02:35:29'),(202,'session-A',3,'customer_service','user','我是一名退休教师，风险承受能力低','null','2026-07-24 02:35:29'),(203,'session-B',3,'customer_service','user','你好，请推荐适合我的产品','null','2026-07-24 02:35:37'),(204,'session-B',3,'customer_service','assistant','你好！很高兴为你服务。\n\n为了给你推荐最适合的产品，我需要了解一些信息：\n\n- 你的风险承受能力如何？（保守/稳健/进取）\n- 计划投资多长时间？\n- 大概有多少资金可以投资？\n\n告诉我这些，我就能为你量身定制理财方案啦！','null','2026-07-24 02:35:37'),(205,'web-mrybw4bv',10,'customer_service','user','我有50万，希望稳健投资','null','2026-07-24 10:36:57'),(206,'web-mrybw4bv',10,'customer_service','assistant','{\n  \"reply\": \"根据您50万资金和稳健投资需求，参考我们的客户配置策略，为您提供两种思路：\\n1. 保守型配置（侧重本金安全与稳定现金流）：货币基金30% + 债券基金40% +','null','2026-07-24 10:36:57'),(207,'web-mryc35nf',10,'customer_service','assistant','您好！很高兴为您服务。50万稳健投资是个很明智的选择。\n\n为了给您更精准的建议，想了解一下：\n- 这笔资金您计划投资多长时间？\n- 您能接受的最大亏损幅度是多少？\n- 是否需要预留部分资金作为应急？\n\n稳健投资通常可以考虑：大额存单、国债、债券基金、银行理财产品等。如果您方便的话，我可以为您详细介绍各类产品的特点和收益情况。','null','2026-07-24 10:41:39'),(208,'web-mryc35nf',10,'customer_service','user','我有50万，希望稳健投资','null','2026-07-24 10:41:39'),(209,'mem-A',3,'customer_service','user','我是一名退休教师，风险承受能力低','null','2026-07-24 10:46:15'),(210,'mem-A',3,'customer_service','assistant','您好！很高兴为您服务。作为退休教师，稳健理财确实很重要。\n\n针对您低风险承受能力的特点，我们有一些很适合的产品：\n- 货币基金：流动性好，收益稳定\n- 国债：安全性高，收益有保障\n- 定期存款：本金安全，收益确定\n\n请问您目前有大概多少资金想要理财？投资期限是多久？这样我可以为您推荐更合适的产品组合。','null','2026-07-24 10:46:15'),(211,'mem-B',3,'customer_service','user','请推荐适合我的产品','null','2026-07-24 10:47:06'),(212,'mem-B',3,'customer_service','assistant','1.  **分析客户画像**：\n    *   风险等级：C4（进取型）\n    *   风险评分：111分\n    *   投资经验：3-5年\n    *   年收入：50-100万\n    *   总资产：500000元\n    *   客户等级：白金\n\n2.  **匹配推荐策略**：\n    *   根据资料4.2节，C4属于“进取型客户（C4/C5，年轻高收入）”。\n    *   推荐配置：股票基金 35% + 混合基金 25% + QDII 20% + 债券基金 10% + 另类投资 10%。\n    *   目标：最大化资本增值。\n    *   预期组合收益：约10.0-15.0%。\n\n3.  **匹配具体产品**（根据资料2）：\n    *   股票基金（35%）：XX科技创新股票（R4，预期收益~15.6%）、XX红利价值股票（R3，预期收益~6.9%）\n    *   混合基金（25%）：XX平衡优选混合（R3，预期收益~8.2%）\n    *   QDII（20%）：XX全球精选QDII（R4，预期收益~12.9%）\n    *   债券基金（10%）：XX稳健增利债A（R2，预期收益~4.5%）\n    *   另类投资（10%）：资料中未明确列出具体另类投资产品，但结构性存款（R2，保底1.45%，最高4.2%）或年金险可作为稳健底仓替代，但严格来说另类投资资料缺失，可以提一下结构性存款作为稳健配置，或者仅按资料推荐前四类，另类投资提示需人工咨询。\n\n4.  **构建回答**：\n    *   根据您的风险等级C4（进取型）和投资经验，推荐“最大化资本增值”的配置策略。\n    *   具体配置建议：\n        *   股票基金（35%）：如XX科技创新股票（预期收益~15.6%）、XX红利价值股票（预期收益~6.9%）\n        *   混合基金（25%）：如XX平衡优选混合（预期收益~8.2%）\n        *   QDII（20%）：如XX全球精选QDII（预期收益~12.9%）\n        *   债券基金（10%）：如XX稳健增利债A（预期收益~4.5%）\n    *   预期组合收益：约10.0-15.0%。\n    *   风险提示：以上收益率仅供参考，不构成投资承诺，投资有风险，入市需谨慎。\n\n5.  **检查规则**：\n    *   仅基于参考资料：是。\n    *   专业准确通俗易懂：是。\n    *   资料不足时转人工：另类投资10%在资料里没有具体产品，可以稍微提一下或者建议咨询人工，但主要配置都有产品对应，可以不用转人工，只需说明另类投资需人工咨询。\n    *   不提供具体投资建议或收益承诺：加上风险提示。\n    *   不透露个人隐私：是。\n    *   非金融话题引导：无。\n    *   涉及保本等词汇：无。\n    *   输出格式：严格JSON。\n\n6.  **精炼回答内容**：\n    根据您的风险等级C4（进取型）及投资经验，建议采用“最大化资本增值”的配置策略：\n    1. 股票基金（35%）：如XX科技创新股票（预期收益~15.6%）、XX红利价值股票（预期收益~6.9%）；\n    2. 混合基金（25%）：如XX平衡优选混合（预期收益~8.2%）；\n    3. QDII（20%）：如XX全球精选QDII（预期收益~12.9%）；\n    4. 债券基金（10%）：如XX稳健增利债A（预期收益~4.5%）；\n    5. 另类投资（10%）：具体产品可咨询人工客服。\n    该策略预期组合收益约10.0-15.0%。请注意，以上收益率仅供参考，不代表实际收益承诺，投资需谨慎。\n\n7.  **确定字段**：\n    *   reply: 上述精炼内容\n    *   sources: [\"《个人理财产品手册》\"]\n    *   need_human: false (因为主要配置','null','2026-07-24 10:47:06'),(213,'mem-C',3,'customer_service','user','我想了解货币基金','null','2026-07-24 10:48:01'),(214,'mem-C',3,'customer_service','assistant','抱歉，该问题需要人工客服进一步确认。请拨打客服热线400-XXX-XXXX。','null','2026-07-24 10:48:01'),(215,'web-mrycccu9',10,'customer_service','assistant','抱歉，该问题需要人工客服进一步确认。请拨打客服热线400-XXX-XXXX。','null','2026-07-24 10:49:44'),(216,'web-mrycccu9',10,'customer_service','user','我有50万，希望稳健投资','null','2026-07-24 10:49:44'),(217,'web-mrych2ks',10,'customer_service','user','我有50万，希望稳健投资','null','2026-07-24 10:53:24'),(218,'web-mrych2ks',10,'customer_service','assistant','1.  **分析客户请求**：\n    *   客户画像：暂无\n    *   历史偏好：客户之前问过50万稳健投资的问题，AI已经回复过一些配置思路（保守型配置：货币基金30% + 债券基金40% + ...），但历史对话摘要显示被截断了。\n    *   当前问题：\"我有50万，希望稳健投资\"\n    *   约束条件：输出JSON格式，专业、友善、耐心，仅基于参考资料，不编造，不提供具体投资建议或收益承诺，纠正\"保本\"等词汇，合规表述。\n\n2.  **分析参考资料**：\n    *   资料1：XX货币基金（R1，1元起，~2.0%，随时，适合C1，短期闲置，现金管理）\n    *   资料2：XX稳健增利债券A（R2，1000元起，~4.5%，1年+，适合C2，压舱石，1年以上）\n    *   资料3：产品列表（包含各种产品的风险等级、起投、预期收益、流动性、适合期限）\n    *   资料4：XX平衡优选混合（R3，5000元起，~8.2%，3年+，适合C3及以上，攻守兼备，3年以上）\n    *   资料5：XX科技创新股票（R4，1万元起，~15.6%，5年+，适合C4及以上，进攻，5年以上）\n\n3.  **匹配客户需求与产品**：\n    *   客户需求：50万，稳健投资。\n    *   \"稳健\"通常对应R1、R2风险等级的产品，最多包含少量R3产品。\n    *   根据资料3：\n        *   R1：XX货币基金（随时，~2.0%）\n        *   R2：XX稳健增利债A（1年+，~4.5%）、XX季季盈90天（90天，~4.0%）、XX福享年金险（10年+，~3.0%）\n        *   R3：XX平衡优选混合（3年+，~8.2%）、XX年年盈365天（365天，~4.8%）、XX红利价值股票（3年+，~6.9%）\n    *   由于客户强调\"稳健\"，应重点推荐R1和R2产品，R3需提示风险。\n    *   历史对话摘要中AI曾提到\"保守型配置（侧重本金安全与稳定现金流）：货币基金30% + 债券基金40% +...\"，我可以延续这个思路，但必须注意不要提供具体的投资建议（如具体的百分比配置），而是提供产品选择和风险提示。\n\n4.  **构建回答**：\n    *   问候与确认需求：理解您50万资金追求稳健的需求。\n    *   产品推荐（基于\"稳健\"偏好）：\n        *   对于随时需要取用的资金，可以考虑R1风险的【XX货币基金】，起投1元，预期收益约2.0%，流动性极佳。\n        *   对于1年以上不用的资金，可以考虑R2风险的【XX稳健增利债券A】，预期收益约4.5%，适合作为稳健配置的基石。\n        *   对于3年以上追求稍高收益且能承受波动的资金，可少量考虑R3风险的【XX平衡优选混合】，预期收益约8.2%，但需注意其有10%-15%的短期回撤风险。\n    *   风险提示与合规表述：理财产品均有风险，上述收益为预期收益或历史收益，不代表实际收益，不构成投资承诺。投资需谨慎，根据自身风险承受能力选择。\n    *   引导：为了给您更合适的建议，请问您这50万资金大概能投资多久？能接受多大的亏损？\n\n5.  **检查约束条件**：\n    *   仅基于参考资料？是。\n    *   专业、准确、通俗易懂？是。\n    *   不编造信息？是。\n    *   不提供具体投资建议或收益承诺？是（强调了预期收益，未承诺）。\n    *   纠正\"保本\"等词汇？客户没提，无需主动纠正，但回答中要体现风险意识。\n    *   合规表述？使用了\"预期收益\"。\n    *   输出格式？JSON。\n\n6.  **生成JSON**：\n    *   reply: \"您好！针对您50万资金稳健投资的需求，根据风险等级的不同，为您提供以下参考思路：\\n1. 若资金需随时取用，可考虑R1低风险的【XX货币基金】，1元起','null','2026-07-24 10:53:24'),(219,'web-mryco5jh',10,'customer_service','user','我有50万，希望稳健投资','null','2026-07-24 10:58:32'),(220,'web-mryco5jh',10,'customer_service','assistant','未检测到具体的客户问题及参考资料，请提供您的问题和相关信息，以便我为您解答。','null','2026-07-24 10:58:32');
/*!40000 ALTER TABLE `conversation_archive` ENABLE KEYS */;
UNLOCK TABLES;

--
-- Table structure for table `customer_tag`
--

DROP TABLE IF EXISTS `customer_tag`;
/*!40101 SET @saved_cs_client     = @@character_set_client */;
/*!50503 SET character_set_client = utf8mb4 */;
CREATE TABLE `customer_tag` (
  `id` bigint NOT NULL AUTO_INCREMENT COMMENT '主键ID',
  `customer_id` bigint NOT NULL COMMENT '客户ID',
  `tag_name` varchar(64) COLLATE utf8mb4_unicode_ci NOT NULL COMMENT '标签名（如 risk_preference）',
  `tag_value` varchar(128) COLLATE utf8mb4_unicode_ci NOT NULL COMMENT '标签值（如 稳健型）',
  `source` varchar(32) COLLATE utf8mb4_unicode_ci NOT NULL COMMENT '来源：questionnaire/ai_extract/self_report/default',
  `confidence` decimal(5,2) DEFAULT '0.50' COMMENT '标签置信度 0.00-1.00',
  `valid_until` date DEFAULT NULL COMMENT '有效期',
  `create_time` datetime DEFAULT CURRENT_TIMESTAMP COMMENT '创建时间',
  `update_time` datetime DEFAULT NULL ON UPDATE CURRENT_TIMESTAMP COMMENT '更新时间',
  PRIMARY KEY (`id`),
  KEY `idx_customer_tag` (`customer_id`,`tag_name`),
  KEY `idx_customer_id` (`customer_id`)
) ENGINE=InnoDB DEFAULT CHARSET=utf8mb4 COLLATE=utf8mb4_unicode_ci COMMENT='画像标签表';
/*!40101 SET character_set_client = @saved_cs_client */;

--
-- Dumping data for table `customer_tag`
--

LOCK TABLES `customer_tag` WRITE;
/*!40000 ALTER TABLE `customer_tag` DISABLE KEYS */;
/*!40000 ALTER TABLE `customer_tag` ENABLE KEYS */;
UNLOCK TABLES;

--
-- Table structure for table `fin_calibration_record`
--

DROP TABLE IF EXISTS `fin_calibration_record`;
/*!40101 SET @saved_cs_client     = @@character_set_client */;
/*!50503 SET character_set_client = utf8mb4 */;
CREATE TABLE `fin_calibration_record` (
  `id` bigint NOT NULL AUTO_INCREMENT,
  `customer_id` bigint NOT NULL,
  `calibrate_time` datetime NOT NULL DEFAULT CURRENT_TIMESTAMP COMMENT '校准执行时间',
  `direction` varchar(32) NOT NULL COMMENT 'over_optimistic / over_conservative / aligned',
  `self_reported` json DEFAULT NULL COMMENT '自评画像快照',
  `behavioral` json DEFAULT NULL COMMENT '行为推断画像',
  `triggered_rules` json DEFAULT NULL COMMENT '触发的校准规则列表，含证据详情',
  `summary` text COMMENT '面向投顾的可读校准摘要',
  `trigger_type` varchar(32) DEFAULT 'manual' COMMENT 'manual / auto / event',
  `create_time` datetime DEFAULT CURRENT_TIMESTAMP,
  PRIMARY KEY (`id`),
  KEY `idx_calibration_customer` (`customer_id`),
  KEY `idx_calibration_time` (`customer_id`,`calibrate_time` DESC),
  KEY `idx_calibration_direction` (`direction`)
) ENGINE=InnoDB AUTO_INCREMENT=7 DEFAULT CHARSET=utf8mb4 COLLATE=utf8mb4_0900_ai_ci COMMENT='双轨校准历史记录';
/*!40101 SET character_set_client = @saved_cs_client */;

--
-- Dumping data for table `fin_calibration_record`
--

LOCK TABLES `fin_calibration_record` WRITE;
/*!40000 ALTER TABLE `fin_calibration_record` DISABLE KEYS */;
INSERT INTO `fin_calibration_record` VALUES (2,3,'2026-07-24 01:39:17','over_optimistic','{\"risk_level\": \"C3\", \"loss_tolerance\": \"5%以内\", \"trade_frequency\": \"低频\", \"investment_years\": \"3-5年\", \"max_product_type\": \"仅银行存款\"}','{\"effective_risk_level\": \"C2\", \"effective_loss_tolerance\": \"不能承受任何亏损\", \"optimistic_evidence_count\": 1, \"conservative_evidence_count\": 0}','[{\"detail\": \"客户近90天调整投资策略/组合配置15次（合理阈值≤3次），频繁改变投资方向表明其自评风险偏好不够稳定，不宜作为唯一依据\", \"rule_id\": \"CAL-02\", \"evidence\": {\"threshold\": 3, \"window_days\": 90, \"change_dates\": [\"2026-07-22\"], \"allocation_changes\": [{\"to\": \"\", \"date\": \"2026-07-22\", \"from\": \"\"}, {\"to\": \"\", \"date\": \"2026-07-22\", \"from\": \"\"}, {\"to\": \"\", \"date\": \"2026-07-22\", \"from\": \"\"}, {\"to\": \"\", \"date\": \"2026-07-22\", \"from\": \"\"}, {\"to\": \"\", \"date\": \"2026-07-22\", \"from\": \"\"}], \"strategy_change_count\": 15}, \"direction\": \"over_optimistic\", \"rule_name\": \"频繁策略变更\"}]','【自评偏乐观】客户自述风险承受能力高于实际行为表现：[CAL-02] 客户近90天调整投资策略/组合配置15次（合理阈值≤3次），频繁改变投资方向表明其自评风险偏好不够稳定，不宜作为唯一依据 → 有效亏损承受=不能承受任何亏损，有效风险等级=C2','manual','2026-07-24 01:39:17'),(3,3,'2026-07-24 01:40:09','over_optimistic','{\"risk_level\": \"C3\", \"loss_tolerance\": \"5%以内\", \"trade_frequency\": \"低频\", \"investment_years\": \"3-5年\", \"max_product_type\": \"仅银行存款\"}','{\"effective_risk_level\": \"C2\", \"effective_loss_tolerance\": \"不能承受任何亏损\", \"optimistic_evidence_count\": 1, \"conservative_evidence_count\": 0}','[{\"detail\": \"客户近90天调整投资策略/组合配置15次（合理阈值≤3次），频繁改变投资方向表明其自评风险偏好不够稳定，不宜作为唯一依据\", \"rule_id\": \"CAL-02\", \"evidence\": {\"threshold\": 3, \"window_days\": 90, \"change_dates\": [\"2026-07-22\"], \"allocation_changes\": [{\"to\": \"\", \"date\": \"2026-07-22\", \"from\": \"\"}, {\"to\": \"\", \"date\": \"2026-07-22\", \"from\": \"\"}, {\"to\": \"\", \"date\": \"2026-07-22\", \"from\": \"\"}, {\"to\": \"\", \"date\": \"2026-07-22\", \"from\": \"\"}, {\"to\": \"\", \"date\": \"2026-07-22\", \"from\": \"\"}], \"strategy_change_count\": 15}, \"direction\": \"over_optimistic\", \"rule_name\": \"频繁策略变更\"}]','【自评偏乐观】客户自述风险承受能力高于实际行为表现：[CAL-02] 客户近90天调整投资策略/组合配置15次（合理阈值≤3次），频繁改变投资方向表明其自评风险偏好不够稳定，不宜作为唯一依据 → 有效亏损承受=不能承受任何亏损，有效风险等级=C2','manual','2026-07-24 01:40:09'),(4,3,'2026-07-24 01:56:35','over_optimistic','{\"risk_level\": \"C4\", \"loss_tolerance\": \"40%以上\", \"trade_frequency\": \"低频\", \"investment_years\": \"3-5年\", \"max_product_type\": \"仅银行存款\"}','{\"effective_risk_level\": \"C3\", \"effective_loss_tolerance\": \"20%-40%\", \"optimistic_evidence_count\": 2, \"conservative_evidence_count\": 1}','[{\"detail\": \"客户近90天调整投资策略/组合配置16次（合理阈值≤3次），频繁改变投资方向表明其自评风险偏好不够稳定，不宜作为唯一依据\", \"rule_id\": \"CAL-02\", \"evidence\": {\"threshold\": 3, \"window_days\": 90, \"change_dates\": [\"2026-07-24\", \"2026-07-22\"], \"allocation_changes\": [{\"to\": \"\", \"date\": \"2026-07-24\", \"from\": \"\"}, {\"to\": \"\", \"date\": \"2026-07-22\", \"from\": \"\"}, {\"to\": \"\", \"date\": \"2026-07-22\", \"from\": \"\"}, {\"to\": \"\", \"date\": \"2026-07-22\", \"from\": \"\"}, {\"to\": \"\", \"date\": \"2026-07-22\", \"from\": \"\"}], \"strategy_change_count\": 16}, \"direction\": \"over_optimistic\", \"rule_name\": \"频繁策略变更\"}, {\"detail\": \"检测到2种情绪化交易模式：净值新低后3日内卖出（杀跌）、净值新高后3日内买入（追涨）。客户交易决策受情绪影响显著，自评不适合作为唯一风险参考依据\", \"rule_id\": \"CAL-03\", \"evidence\": {\"patterns\": [{\"type\": \"sell_at_trough\", \"description\": \"净值新低后3日内卖出（杀跌）\", \"sample_transactions\": [], \"occurrence_count_90d\": 0}, {\"type\": \"buy_at_peak\", \"description\": \"净值新高后3日内买入（追涨）\", \"sample_transactions\": [], \"occurrence_count_90d\": 0}], \"total_patterns\": 2}, \"direction\": \"over_optimistic\", \"rule_name\": \"情绪化交易检测\"}, {\"detail\": \"客户自评风险等级为C4进取型，但实际持仓最高仅为\'仅银行存款\'，实际行为比声称的更保守\", \"rule_id\": \"CAL-06\", \"evidence\": {\"holding_summary\": [], \"actual_max_product\": \"仅银行存款\", \"self_reported_level\": \"C4\"}, \"direction\": \"over_conservative\", \"rule_name\": \"持仓保守偏差\"}]','【自评偏乐观】客户自述风险承受能力高于实际行为表现：[CAL-02] 客户近90天调整投资策略/组合配置16次（合理阈值≤3次），频繁改变投资方向表明其自评风险偏好不够稳定，不宜作为唯一依据；[CAL-03] 检测到2种情绪化交易模式：净值新低后3日内卖出（杀跌）、净值新高后3日内买入（追涨）。客户交易决策受情绪影响显著，自评不适合作为唯一风险参考依据；[CAL-06] 客户自评风险等级为C4进取型，但实际持仓最高仅为\'仅银行存款\'，实际行为比声称的更保守 → 有效亏损承受=20%-40%，有效风险等级=C3','manual','2026-07-24 01:56:35'),(5,5,'2026-07-24 02:16:49','over_optimistic','{\"risk_level\": \"进取型\", \"loss_tolerance\": \"20%-40%\", \"trade_frequency\": \"极低频\", \"investment_years\": \"5-10年\", \"max_product_type\": \"仅银行存款\"}','{\"effective_risk_level\": \"进取型\", \"effective_loss_tolerance\": \"10%-20%\", \"optimistic_evidence_count\": 1, \"conservative_evidence_count\": 0}','[{\"detail\": \"风评已于2025-03-01过期（510天），但客户在此期间仍进行了2笔R3+等级交易，对风险提示缺乏应有重视\", \"rule_id\": \"CAL-07\", \"evidence\": {\"days_expired\": 510, \"risk_expiry_date\": \"2025-03-01\", \"risky_trade_count\": 2, \"risky_transactions\": [{\"date\": \"2026-07-22\", \"amount\": 50000.0, \"product_level\": \"R4\", \"transaction_id\": \"T4\"}, {\"date\": \"2026-07-22\", \"amount\": 20000.0, \"product_level\": \"R3\", \"transaction_id\": \"T5\"}]}, \"direction\": \"over_optimistic\", \"rule_name\": \"风评过期激进交易\"}]','【自评偏乐观】客户自述风险承受能力高于实际行为表现：[CAL-07] 风评已于2025-03-01过期（510天），但客户在此期间仍进行了2笔R3+等级交易，对风险提示缺乏应有重视 → 有效亏损承受=10%-20%，有效风险等级=进取型','agent_query','2026-07-24 02:16:49');
/*!40000 ALTER TABLE `fin_calibration_record` ENABLE KEYS */;
UNLOCK TABLES;

--
-- Table structure for table `fin_customer_profile`
--

DROP TABLE IF EXISTS `fin_customer_profile`;
/*!40101 SET @saved_cs_client     = @@character_set_client */;
/*!50503 SET character_set_client = utf8mb4 */;
CREATE TABLE `fin_customer_profile` (
  `id` bigint NOT NULL AUTO_INCREMENT COMMENT '主键ID',
  `customer_id` bigint NOT NULL COMMENT '客户ID，关联sys_user.id',
  `risk_level` varchar(16) COLLATE utf8mb4_unicode_ci DEFAULT NULL COMMENT '风险等级: 保守型/稳健型/平衡型/进取型/激进型',
  `risk_score` int DEFAULT NULL COMMENT '风险评分0-100',
  `investment_experience` varchar(16) COLLATE utf8mb4_unicode_ci DEFAULT NULL COMMENT '投资经验年限: 0-1年/1-3年/3-5年/5-10年/10年以上',
  `annual_income_range` varchar(32) COLLATE utf8mb4_unicode_ci DEFAULT NULL COMMENT '年收入区间',
  `total_assets` decimal(18,2) DEFAULT NULL COMMENT '总资产规模(人民币元)',
  `asset_allocation` json DEFAULT NULL COMMENT '资产配置偏好',
  `product_preference` json DEFAULT NULL COMMENT '产品偏好',
  `confidence_score` decimal(5,2) DEFAULT '0.50' COMMENT '画像置信度0.00-1.00',
  `create_time` datetime DEFAULT CURRENT_TIMESTAMP COMMENT '创建时间',
  `update_time` datetime DEFAULT NULL ON UPDATE CURRENT_TIMESTAMP COMMENT '更新时间',
  `basic_score` decimal(5,2) DEFAULT NULL COMMENT '维度一：基础属性得分',
  `experience_score` decimal(5,2) DEFAULT NULL COMMENT '维度二：投资经验得分',
  `risk_pref_score` decimal(5,2) DEFAULT NULL COMMENT '维度三：风险偏好得分',
  `behavior_score` decimal(5,2) DEFAULT NULL COMMENT '维度四：行为异常得分',
  `profile_json` json DEFAULT NULL COMMENT '完整画像JSON',
  `risk_flag` varchar(16) COLLATE utf8mb4_unicode_ci DEFAULT NULL COMMENT '风险标记: normal/warning/high',
  `calibration_json` json DEFAULT NULL COMMENT 'Latest dual-track calibration result snapshot',
  PRIMARY KEY (`id`),
  UNIQUE KEY `uk_customer_id` (`customer_id`),
  KEY `idx_risk_level` (`risk_level`),
  KEY `idx_total_assets` (`total_assets`)
) ENGINE=InnoDB AUTO_INCREMENT=44 DEFAULT CHARSET=utf8mb4 COLLATE=utf8mb4_unicode_ci COMMENT='客户画像主表';
/*!40101 SET character_set_client = @saved_cs_client */;

--
-- Dumping data for table `fin_customer_profile`
--

LOCK TABLES `fin_customer_profile` WRITE;
/*!40000 ALTER TABLE `fin_customer_profile` DISABLE KEYS */;
INSERT INTO `fin_customer_profile` VALUES (1,3,'C4',111,'3-5年','50-100万',500000.00,'{\"债券\": 50, \"现金\": 30, \"股票\": 20}','{\"基金\": [\"债券型\", \"混合型\"]}',0.85,'2026-07-22 10:09:54','2026-07-24 00:00:00',13.50,12.50,25.00,20.00,'{\"dimensions\": {\"basic\": {\"score\": 13.5, \"detail\": {\"age\": 3, \"assets\": 7, \"income\": 8, \"education\": 4, \"occupation\": 5}}, \"behavior\": {\"score\": 20, \"detail\": {\"behaviors\": [], \"risk_level\": \"无异常\", \"abnormal_count\": 0}}, \"risk_pref\": {\"score\": 25, \"detail\": {\"assessment\": 20, \"loss_tolerance\": 5, \"emotional_triggers\": [], \"emotional_deduction\": 0}}, \"experience\": {\"score\": 12.5, \"detail\": {\"years\": 8, \"returns\": 3, \"frequency\": 7, \"complexity\": 2}}}, \"risk_level\": \"C4\", \"risk_score\": 71, \"updated_at\": \"2026-07-24T01:56:34.817532\", \"customer_id\": 3}',NULL,'{\"summary\": \"【自评偏乐观】客户自述风险承受能力高于实际行为表现：[CAL-02] 客户近90天调整投资策略/组合配置16次（合理阈值≤3次），频繁改变投资方向表明其自评风险偏好不够稳定，不宜作为唯一依据；[CAL-03] 检测到2种情绪化交易模式：净值新低后3日内卖出（杀跌）、净值新高后3日内买入（追涨）。客户交易决策受情绪影响显著，自评不适合作为唯一风险参考依据；[CAL-06] 客户自评风险等级为C4进取型，但实际持仓最高仅为\'仅银行存款\'，实际行为比声称的更保守 → 有效亏损承受=20%-40%，有效风险等级=C3\", \"direction\": \"over_optimistic\", \"behavioral\": {\"effective_risk_level\": \"C3\", \"effective_loss_tolerance\": \"20%-40%\", \"optimistic_evidence_count\": 2, \"conservative_evidence_count\": 1}, \"self_reported\": {\"risk_level\": \"C4\", \"loss_tolerance\": \"40%以上\", \"trade_frequency\": \"低频\", \"investment_years\": \"3-5年\", \"max_product_type\": \"仅银行存款\"}, \"calibrate_time\": \"2026-07-24T01:56:34.824004\", \"triggered_rules\": [{\"detail\": \"客户近90天调整投资策略/组合配置16次（合理阈值≤3次），频繁改变投资方向表明其自评风险偏好不够稳定，不宜作为唯一依据\", \"rule_id\": \"CAL-02\", \"evidence\": {\"threshold\": 3, \"window_days\": 90, \"change_dates\": [\"2026-07-24\", \"2026-07-22\"], \"allocation_changes\": [{\"to\": \"\", \"date\": \"2026-07-24\", \"from\": \"\"}, {\"to\": \"\", \"date\": \"2026-07-22\", \"from\": \"\"}, {\"to\": \"\", \"date\": \"2026-07-22\", \"from\": \"\"}, {\"to\": \"\", \"date\": \"2026-07-22\", \"from\": \"\"}, {\"to\": \"\", \"date\": \"2026-07-22\", \"from\": \"\"}], \"strategy_change_count\": 16}, \"direction\": \"over_optimistic\", \"rule_name\": \"频繁策略变更\"}, {\"detail\": \"检测到2种情绪化交易模式：净值新低后3日内卖出（杀跌）、净值新高后3日内买入（追涨）。客户交易决策受情绪影响显著，自评不适合作为唯一风险参考依据\", \"rule_id\": \"CAL-03\", \"evidence\": {\"patterns\": [{\"type\": \"sell_at_trough\", \"description\": \"净值新低后3日内卖出（杀跌）\", \"sample_transactions\": [], \"occurrence_count_90d\": 0}, {\"type\": \"buy_at_peak\", \"description\": \"净值新高后3日内买入（追涨）\", \"sample_transactions\": [], \"occurrence_count_90d\": 0}], \"total_patterns\": 2}, \"direction\": \"over_optimistic\", \"rule_name\": \"情绪化交易检测\"}, {\"detail\": \"客户自评风险等级为C4进取型，但实际持仓最高仅为\'仅银行存款\'，实际行为比声称的更保守\", \"rule_id\": \"CAL-06\", \"evidence\": {\"holding_summary\": [], \"actual_max_product\": \"仅银行存款\", \"self_reported_level\": \"C4\"}, \"direction\": \"over_conservative\", \"rule_name\": \"持仓保守偏差\"}]}'),(2,4,'平衡型',55,'1-3年','20-50万',200000.00,'{\"债券\": 40, \"现金\": 20, \"股票\": 40}','{\"基金\": [\"混合型\", \"股票型\"]}',0.70,'2026-07-22 10:09:54',NULL,NULL,NULL,NULL,NULL,NULL,NULL,NULL),(3,5,'C3',51,'5-10年','100-500万',1500000.00,'{\"债券\": 20, \"另类\": 10, \"现金\": 10, \"股票\": 60}','{\"基金\": [\"股票型\", \"混合型\"]}',0.90,'2026-07-22 10:09:54','2026-07-24 02:16:49',11.50,11.88,8.00,20.00,'{\"dimensions\": {\"basic\": {\"score\": 11.5, \"detail\": {\"age\": 3, \"assets\": 8, \"income\": 3, \"education\": 4, \"occupation\": 5}}, \"behavior\": {\"score\": 20, \"detail\": {\"behaviors\": [], \"risk_level\": \"无异常\", \"abnormal_count\": 0}}, \"risk_pref\": {\"score\": 8, \"detail\": {\"assessment\": 5, \"loss_tolerance\": 3, \"emotional_triggers\": [], \"emotional_deduction\": 0}}, \"experience\": {\"score\": 11.88, \"detail\": {\"years\": 9, \"returns\": 3, \"frequency\": 5, \"complexity\": 2}}}, \"risk_level\": \"C3\", \"risk_score\": 51, \"updated_at\": \"2026-07-24T02:16:49.413656\", \"customer_id\": 5}','warning','{\"summary\": \"【自评偏乐观】客户自述风险承受能力高于实际行为表现：[CAL-07] 风评已于2025-03-01过期（510天），但客户在此期间仍进行了2笔R3+等级交易，对风险提示缺乏应有重视 → 有效亏损承受=10%-20%，有效风险等级=进取型\", \"direction\": \"over_optimistic\", \"behavioral\": {\"effective_risk_level\": \"进取型\", \"effective_loss_tolerance\": \"10%-20%\", \"optimistic_evidence_count\": 1, \"conservative_evidence_count\": 0}, \"self_reported\": {\"risk_level\": \"进取型\", \"loss_tolerance\": \"20%-40%\", \"trade_frequency\": \"极低频\", \"investment_years\": \"5-10年\", \"max_product_type\": \"仅银行存款\"}, \"calibrate_time\": \"2026-07-24T02:16:49.417729\", \"triggered_rules\": [{\"detail\": \"风评已于2025-03-01过期（510天），但客户在此期间仍进行了2笔R3+等级交易，对风险提示缺乏应有重视\", \"rule_id\": \"CAL-07\", \"evidence\": {\"days_expired\": 510, \"risk_expiry_date\": \"2025-03-01\", \"risky_trade_count\": 2, \"risky_transactions\": [{\"date\": \"2026-07-22\", \"amount\": 50000.0, \"product_level\": \"R4\", \"transaction_id\": \"T4\"}, {\"date\": \"2026-07-22\", \"amount\": 20000.0, \"product_level\": \"R3\", \"transaction_id\": \"T5\"}]}, \"direction\": \"over_optimistic\", \"rule_name\": \"风评过期激进交易\"}]}'),(4,11,'保守型',18,'1年以下','10-30万',370000.00,NULL,NULL,0.85,'2026-07-23 16:26:14','2026-07-23 18:03:55',NULL,NULL,NULL,NULL,'{\"segment\": \"普通投资者\"}','high',NULL),(5,12,'稳健型',36,'1-3年','30-50万',440000.00,NULL,NULL,0.85,'2026-07-23 16:26:14','2026-07-23 16:26:59',NULL,NULL,NULL,NULL,'{\"segment\": \"稳健投资者\"}','normal',NULL),(6,13,'平衡型',54,'3-5年','50-100万',510000.00,NULL,NULL,0.85,'2026-07-23 16:26:14','2026-07-23 16:26:59',NULL,NULL,NULL,NULL,'{\"segment\": \"普通投资者\"}','normal',NULL),(7,14,'进取型',72,'5-10年','100-300万',580000.00,NULL,NULL,0.85,'2026-07-23 16:26:14','2026-07-23 16:26:59',NULL,NULL,NULL,NULL,'{\"segment\": \"激进投资者\"}','normal',NULL),(8,15,'激进型',90,'10年以上','10-30万',7500000.00,NULL,NULL,0.85,'2026-07-23 16:26:14','2026-07-23 16:26:59',NULL,NULL,NULL,NULL,'{\"segment\": \"高净值客户\"}','normal',NULL),(9,16,'保守型',18,'1年以下','30-50万',720000.00,NULL,NULL,0.85,'2026-07-23 16:26:14','2026-07-23 16:26:59',NULL,NULL,NULL,NULL,'{\"segment\": \"普通投资者\"}','normal',NULL),(10,17,'稳健型',36,'1-3年','50-100万',790000.00,NULL,NULL,0.85,'2026-07-23 16:26:14','2026-07-23 16:26:59',NULL,NULL,NULL,NULL,'{\"segment\": \"稳健投资者\"}','normal',NULL),(11,18,'平衡型',54,'3-5年','100-300万',860000.00,NULL,NULL,0.85,'2026-07-23 16:26:14','2026-07-23 16:26:59',NULL,NULL,NULL,NULL,'{\"segment\": \"普通投资者\"}','normal',NULL),(12,19,'进取型',72,'5-10年','10-30万',930000.00,NULL,NULL,0.85,'2026-07-23 16:26:14','2026-07-23 16:26:59',NULL,NULL,NULL,NULL,'{\"segment\": \"激进投资者\"}','normal',NULL),(13,20,'激进型',90,'10年以上','30-50万',9000000.00,NULL,NULL,0.85,'2026-07-23 16:26:14','2026-07-24 10:55:05',NULL,NULL,NULL,NULL,'{\"segment\": \"高净值客户\"}','high',NULL),(14,21,'保守型',18,'1年以下','50-100万',1070000.00,NULL,NULL,0.85,'2026-07-23 16:26:14','2026-07-23 16:26:59',NULL,NULL,NULL,NULL,'{\"segment\": \"普通投资者\"}','normal',NULL),(15,22,'稳健型',36,'1-3年','100-300万',1140000.00,NULL,NULL,0.85,'2026-07-23 16:26:14','2026-07-23 16:26:59',NULL,NULL,NULL,NULL,'{\"segment\": \"稳健投资者\"}','normal',NULL),(16,23,'平衡型',54,'3-5年','10-30万',1210000.00,NULL,NULL,0.85,'2026-07-23 16:26:14','2026-07-23 16:26:59',NULL,NULL,NULL,NULL,'{\"segment\": \"普通投资者\"}','normal',NULL),(17,24,'进取型',72,'5-10年','30-50万',1280000.00,NULL,NULL,0.85,'2026-07-23 16:26:14','2026-07-23 16:26:59',NULL,NULL,NULL,NULL,'{\"segment\": \"激进投资者\"}','normal',NULL),(18,25,'激进型',90,'10年以上','50-100万',10500000.00,NULL,NULL,0.85,'2026-07-23 16:26:14','2026-07-23 16:26:59',NULL,NULL,NULL,NULL,'{\"segment\": \"高净值客户\"}','normal',NULL),(19,26,'保守型',18,'1年以下','100-300万',1420000.00,NULL,NULL,0.85,'2026-07-23 16:26:14','2026-07-23 16:26:59',NULL,NULL,NULL,NULL,'{\"segment\": \"普通投资者\"}','normal',NULL),(20,27,'稳健型',36,'1-3年','10-30万',1490000.00,NULL,NULL,0.85,'2026-07-23 16:26:14','2026-07-23 16:26:59',NULL,NULL,NULL,NULL,'{\"segment\": \"稳健投资者\"}','normal',NULL),(21,28,'平衡型',54,'3-5年','30-50万',1560000.00,NULL,NULL,0.85,'2026-07-23 16:26:14','2026-07-23 16:26:59',NULL,NULL,NULL,NULL,'{\"segment\": \"普通投资者\"}','normal',NULL),(22,29,'进取型',72,'5-10年','50-100万',1630000.00,NULL,NULL,0.85,'2026-07-23 16:26:14','2026-07-23 16:26:59',NULL,NULL,NULL,NULL,'{\"segment\": \"激进投资者\"}','normal',NULL),(23,30,'激进型',90,'10年以上','100-300万',12000000.00,NULL,NULL,0.85,'2026-07-23 16:26:14','2026-07-23 16:26:59',NULL,NULL,NULL,NULL,'{\"segment\": \"高净值客户\"}','normal',NULL);
/*!40000 ALTER TABLE `fin_customer_profile` ENABLE KEYS */;
UNLOCK TABLES;

--
-- Table structure for table `fin_holdings`
--

DROP TABLE IF EXISTS `fin_holdings`;
/*!40101 SET @saved_cs_client     = @@character_set_client */;
/*!50503 SET character_set_client = utf8mb4 */;
CREATE TABLE `fin_holdings` (
  `id` bigint NOT NULL AUTO_INCREMENT COMMENT '主键ID',
  `customer_id` bigint NOT NULL COMMENT '持仓客户ID',
  `product_id` bigint NOT NULL COMMENT '持有产品ID',
  `shares` decimal(18,4) DEFAULT NULL COMMENT '持有份额',
  `cost_amount` decimal(18,2) DEFAULT NULL COMMENT '成本金额(元)',
  `current_value` decimal(18,2) DEFAULT NULL COMMENT '当前市值(元)',
  `profit_loss` decimal(18,2) DEFAULT NULL COMMENT '盈亏金额(元)',
  `profit_ratio` decimal(8,4) DEFAULT NULL COMMENT '盈亏比例(%)',
  `status` varchar(16) COLLATE utf8mb4_unicode_ci DEFAULT '持有中' COMMENT '状态: 持有中/已清仓',
  `create_time` datetime DEFAULT CURRENT_TIMESTAMP COMMENT '创建时间',
  `update_time` datetime DEFAULT NULL ON UPDATE CURRENT_TIMESTAMP COMMENT '更新时间',
  PRIMARY KEY (`id`),
  UNIQUE KEY `uk_customer_product` (`customer_id`,`product_id`),
  KEY `idx_customer_id` (`customer_id`),
  KEY `idx_product_id` (`product_id`),
  KEY `idx_status` (`status`)
) ENGINE=InnoDB AUTO_INCREMENT=47 DEFAULT CHARSET=utf8mb4 COLLATE=utf8mb4_unicode_ci COMMENT='持仓表';
/*!40101 SET character_set_client = @saved_cs_client */;

--
-- Dumping data for table `fin_holdings`
--

LOCK TABLES `fin_holdings` WRITE;
/*!40000 ALTER TABLE `fin_holdings` DISABLE KEYS */;
INSERT INTO `fin_holdings` VALUES (1,3,1,23900.0000,67188.76,23900.00,2500.00,5.0000,'持有中','2026-07-22 10:09:54','2026-07-24 01:56:34'),(2,3,3,8500.0000,10000.00,8500.00,50.00,0.5000,'持有中','2026-07-22 10:09:54','2026-07-22 17:19:18'),(3,4,2,2500.0000,11500.00,11500.00,800.00,8.0000,'持有中','2026-07-22 10:09:54','2026-07-22 17:19:04'),(4,5,4,500.0000,50000.00,58000.00,8000.00,16.0000,'持有中','2026-07-22 10:09:54',NULL),(5,5,2,2000.0000,20000.00,21600.00,1600.00,8.0000,'持有中','2026-07-22 10:09:54',NULL),(6,11,8,34000.0000,34000.00,34850.00,850.00,0.0250,'持有中','2026-07-23 16:26:59','2026-07-23 16:26:59'),(7,11,9,39000.0000,39000.00,40560.00,1560.00,0.0400,'持有中','2026-07-23 16:26:59','2026-07-23 16:26:59'),(8,12,9,43000.0000,43000.00,44075.00,1075.00,0.0250,'持有中','2026-07-23 16:26:59','2026-07-23 16:26:59'),(9,12,10,48000.0000,48000.00,49920.00,1920.00,0.0400,'持有中','2026-07-23 16:26:59','2026-07-23 16:26:59'),(10,13,10,52000.0000,52000.00,53300.00,1300.00,0.0250,'持有中','2026-07-23 16:26:59','2026-07-23 16:26:59'),(11,13,11,57000.0000,57000.00,59280.00,2280.00,0.0400,'持有中','2026-07-23 16:26:59','2026-07-23 16:26:59'),(12,14,11,61000.0000,61000.00,62525.00,1525.00,0.0250,'持有中','2026-07-23 16:26:59','2026-07-23 16:26:59'),(13,14,12,66000.0000,66000.00,68640.00,2640.00,0.0400,'持有中','2026-07-23 16:26:59','2026-07-23 16:26:59'),(14,15,12,70000.0000,70000.00,71750.00,1750.00,0.0250,'持有中','2026-07-23 16:26:59','2026-07-23 16:26:59'),(15,15,13,75000.0000,75000.00,78000.00,3000.00,0.0400,'持有中','2026-07-23 16:26:59','2026-07-23 16:26:59'),(16,16,13,34000.0000,34000.00,34850.00,850.00,0.0250,'持有中','2026-07-23 16:26:59','2026-07-23 16:26:59'),(17,16,14,39000.0000,39000.00,40560.00,1560.00,0.0400,'持有中','2026-07-23 16:26:59','2026-07-23 16:26:59'),(18,17,14,43000.0000,43000.00,44075.00,1075.00,0.0250,'持有中','2026-07-23 16:26:59','2026-07-23 16:26:59'),(19,17,15,48000.0000,48000.00,49920.00,1920.00,0.0400,'持有中','2026-07-23 16:26:59','2026-07-23 16:26:59'),(20,18,15,52000.0000,52000.00,53300.00,1300.00,0.0250,'持有中','2026-07-23 16:26:59','2026-07-23 16:26:59'),(21,18,16,57000.0000,57000.00,59280.00,2280.00,0.0400,'持有中','2026-07-23 16:26:59','2026-07-23 16:26:59'),(22,19,16,61000.0000,61000.00,62525.00,1525.00,0.0250,'持有中','2026-07-23 16:26:59','2026-07-23 16:26:59'),(23,19,17,66000.0000,66000.00,68640.00,2640.00,0.0400,'持有中','2026-07-23 16:26:59','2026-07-23 16:26:59'),(24,20,17,70000.0000,70000.00,71750.00,1750.00,0.0250,'持有中','2026-07-23 16:26:59','2026-07-23 16:26:59'),(25,20,18,75000.0000,75000.00,78000.00,3000.00,0.0400,'持有中','2026-07-23 16:26:59','2026-07-23 16:26:59'),(26,21,18,34000.0000,34000.00,34850.00,850.00,0.0250,'持有中','2026-07-23 16:26:59','2026-07-23 16:26:59'),(27,21,19,39000.0000,39000.00,40560.00,1560.00,0.0400,'持有中','2026-07-23 16:26:59','2026-07-23 16:26:59'),(28,22,19,43000.0000,43000.00,44075.00,1075.00,0.0250,'持有中','2026-07-23 16:26:59','2026-07-23 16:26:59'),(29,22,20,48000.0000,48000.00,49920.00,1920.00,0.0400,'持有中','2026-07-23 16:26:59','2026-07-23 16:26:59'),(30,23,20,52000.0000,52000.00,53300.00,1300.00,0.0250,'持有中','2026-07-23 16:26:59','2026-07-23 16:26:59'),(31,23,21,57000.0000,57000.00,59280.00,2280.00,0.0400,'持有中','2026-07-23 16:26:59','2026-07-23 16:26:59'),(32,24,21,61000.0000,61000.00,62525.00,1525.00,0.0250,'持有中','2026-07-23 16:26:59','2026-07-23 16:26:59'),(33,24,22,66000.0000,66000.00,68640.00,2640.00,0.0400,'持有中','2026-07-23 16:26:59','2026-07-23 16:26:59'),(34,25,22,70000.0000,70000.00,71750.00,1750.00,0.0250,'持有中','2026-07-23 16:26:59','2026-07-23 16:26:59'),(35,25,23,75000.0000,75000.00,78000.00,3000.00,0.0400,'持有中','2026-07-23 16:26:59','2026-07-23 16:26:59'),(36,26,23,34000.0000,34000.00,34850.00,850.00,0.0250,'持有中','2026-07-23 16:26:59','2026-07-23 16:26:59'),(37,26,24,39000.0000,39000.00,40560.00,1560.00,0.0400,'持有中','2026-07-23 16:26:59','2026-07-23 16:26:59'),(38,27,24,43000.0000,43000.00,44075.00,1075.00,0.0250,'持有中','2026-07-23 16:26:59','2026-07-23 16:26:59'),(39,27,25,48000.0000,48000.00,49920.00,1920.00,0.0400,'持有中','2026-07-23 16:26:59','2026-07-23 16:26:59'),(40,28,25,52000.0000,52000.00,53300.00,1300.00,0.0250,'持有中','2026-07-23 16:26:59','2026-07-23 16:26:59'),(41,28,26,57000.0000,57000.00,59280.00,2280.00,0.0400,'持有中','2026-07-23 16:26:59','2026-07-23 16:26:59'),(42,29,26,61000.0000,61000.00,62525.00,1525.00,0.0250,'持有中','2026-07-23 16:26:59','2026-07-23 16:26:59'),(43,29,27,66000.0000,66000.00,68640.00,2640.00,0.0400,'持有中','2026-07-23 16:26:59','2026-07-23 16:26:59'),(44,30,27,70000.0000,70000.00,71750.00,1750.00,0.0250,'持有中','2026-07-23 16:26:59','2026-07-23 16:26:59'),(45,30,28,75000.0000,75000.00,78000.00,3000.00,0.0400,'持有中','2026-07-23 16:26:59','2026-07-23 16:26:59'),(46,5,1,500000.0000,500000.00,500000.00,NULL,NULL,'持有中','2026-07-23 22:17:27',NULL);
/*!40000 ALTER TABLE `fin_holdings` ENABLE KEYS */;
UNLOCK TABLES;

--
-- Table structure for table `fin_knowledge_meta`
--

DROP TABLE IF EXISTS `fin_knowledge_meta`;
/*!40101 SET @saved_cs_client     = @@character_set_client */;
/*!50503 SET character_set_client = utf8mb4 */;
CREATE TABLE `fin_knowledge_meta` (
  `id` bigint NOT NULL AUTO_INCREMENT COMMENT '主键ID',
  `knowledge_type` varchar(32) COLLATE utf8mb4_unicode_ci NOT NULL COMMENT '知识类型: 产品说明/政策法规/FAQ/操作指南/市场研报',
  `title` varchar(255) COLLATE utf8mb4_unicode_ci NOT NULL COMMENT '知识条目标题',
  `source_file` varchar(255) COLLATE utf8mb4_unicode_ci DEFAULT NULL COMMENT '来源文件名',
  `minio_path` varchar(512) COLLATE utf8mb4_unicode_ci DEFAULT NULL COMMENT 'MinIO文件路径',
  `milvus_collection` varchar(128) COLLATE utf8mb4_unicode_ci DEFAULT NULL COMMENT 'Milvus向量集合名',
  `version` varchar(32) COLLATE utf8mb4_unicode_ci DEFAULT 'v1' COMMENT '版本号',
  `status` varchar(16) COLLATE utf8mb4_unicode_ci DEFAULT '有效' COMMENT '状态: 有效/过期/草稿',
  `expire_at` datetime DEFAULT NULL COMMENT '过期时间',
  `create_time` datetime DEFAULT CURRENT_TIMESTAMP COMMENT '创建时间',
  `update_time` datetime DEFAULT NULL ON UPDATE CURRENT_TIMESTAMP COMMENT '更新时间',
  PRIMARY KEY (`id`),
  KEY `idx_knowledge_type` (`knowledge_type`),
  KEY `idx_status` (`status`),
  KEY `idx_expire_at` (`expire_at`)
) ENGINE=InnoDB AUTO_INCREMENT=35 DEFAULT CHARSET=utf8mb4 COLLATE=utf8mb4_unicode_ci COMMENT='金融知识元数据表';
/*!40101 SET character_set_client = @saved_cs_client */;

--
-- Dumping data for table `fin_knowledge_meta`
--

LOCK TABLES `fin_knowledge_meta` WRITE;
/*!40000 ALTER TABLE `fin_knowledge_meta` DISABLE KEYS */;
INSERT INTO `fin_knowledge_meta` VALUES (28,'FAQ','高频问答对','高频问答对.txt',NULL,'faq_knowledge','v1','有效',NULL,'2026-07-22 17:48:44','2026-07-22 17:48:44'),(29,'产品说明','个人理财产品手册','个人理财产品手册.md',NULL,'product_knowledge','v1','有效',NULL,'2026-07-22 17:48:54','2026-07-22 17:48:54'),(30,'产品说明','企业金融服务方案','企业金融服务方案.md',NULL,'product_knowledge','v1','有效',NULL,'2026-07-22 17:49:14','2026-07-22 17:49:14'),(31,'产品说明','高净值客户服务规范','高净值客户服务规范.md',NULL,'product_knowledge','v1','有效',NULL,'2026-07-22 17:49:29','2026-07-22 17:49:29'),(32,'政策法规','个人投资者适当性管理指南','个人投资者适当性管理指南.md',NULL,'policy_knowledge','v1','有效',NULL,'2026-07-22 17:49:47','2026-07-22 17:49:47'),(33,'政策法规','反洗钱合规操作手册','反洗钱合规操作手册.md',NULL,'policy_knowledge','v1','有效',NULL,'2026-07-22 17:50:07','2026-07-22 17:50:07'),(34,'政策法规','理财产品销售管理办法','理财产品销售管理办法.md',NULL,'policy_knowledge','v1','有效',NULL,'2026-07-22 17:50:29','2026-07-22 17:50:29');
/*!40000 ALTER TABLE `fin_knowledge_meta` ENABLE KEYS */;
UNLOCK TABLES;

--
-- Table structure for table `fin_product`
--

DROP TABLE IF EXISTS `fin_product`;
/*!40101 SET @saved_cs_client     = @@character_set_client */;
/*!50503 SET character_set_client = utf8mb4 */;
CREATE TABLE `fin_product` (
  `id` bigint NOT NULL AUTO_INCREMENT COMMENT '主键ID',
  `product_code` varchar(32) COLLATE utf8mb4_unicode_ci NOT NULL COMMENT '产品代码，唯一',
  `product_name` varchar(128) COLLATE utf8mb4_unicode_ci NOT NULL COMMENT '产品名称',
  `product_type` varchar(32) COLLATE utf8mb4_unicode_ci DEFAULT NULL COMMENT '产品类型: 货币基金/债券基金/混合基金/股票基金/银行理财/保险产品/信托产品/结构性存款',
  `risk_level` varchar(8) COLLATE utf8mb4_unicode_ci DEFAULT NULL COMMENT '风险等级: R1/R2/R3/R4/R5',
  `expected_return` decimal(7,4) DEFAULT NULL COMMENT '预期年化收益率(%)',
  `min_amount` decimal(16,2) DEFAULT NULL COMMENT '起投金额(元)',
  `term_days` int DEFAULT NULL COMMENT '产品期限天数，0=活期',
  `fund_manager` varchar(64) COLLATE utf8mb4_unicode_ci DEFAULT NULL COMMENT '基金经理姓名',
  `status` varchar(16) COLLATE utf8mb4_unicode_ci DEFAULT '在售' COMMENT '产品状态: 在售/暂停/到期/清盘',
  `create_time` datetime DEFAULT CURRENT_TIMESTAMP COMMENT '创建时间',
  `update_time` datetime DEFAULT NULL ON UPDATE CURRENT_TIMESTAMP COMMENT '更新时间',
  `industry` varchar(64) COLLATE utf8mb4_unicode_ci DEFAULT NULL,
  PRIMARY KEY (`id`),
  UNIQUE KEY `uk_product_code` (`product_code`),
  KEY `idx_product_type` (`product_type`),
  KEY `idx_risk_level` (`risk_level`),
  KEY `idx_status` (`status`)
) ENGINE=InnoDB AUTO_INCREMENT=68 DEFAULT CHARSET=utf8mb4 COLLATE=utf8mb4_unicode_ci COMMENT='理财产品表';
/*!40101 SET character_set_client = @saved_cs_client */;

--
-- Dumping data for table `fin_product`
--

LOCK TABLES `fin_product` WRITE;
/*!40000 ALTER TABLE `fin_product` DISABLE KEYS */;
INSERT INTO `fin_product` VALUES (1,'F000001','XX稳健增利债券A','债券基金','R2',4.5000,1000.00,0,'王经理','在售','2026-07-22 10:09:54',NULL,NULL),(2,'F000002','XX成长混合C','混合基金','R3',8.2000,100.00,0,'李经理','在售','2026-07-22 10:09:54',NULL,NULL),(3,'F000003','XX货币宝','货币基金','R1',2.1000,0.01,0,NULL,'在售','2026-07-22 10:09:54',NULL,NULL),(4,'F000004','XX股票精选','股票基金','R4',15.6000,1000.00,0,'赵经理','在售','2026-07-22 10:09:54',NULL,NULL),(5,'F000005','XX稳健理财365天','银行理财','R2',3.8000,50000.00,365,NULL,'在售','2026-07-22 10:09:54',NULL,NULL),(6,'F000006','XX新能源主题混合','混合基金','R4',12.3000,1000.00,0,'孙经理','在售','2026-07-22 10:09:54',NULL,NULL),(7,'F000007','XX纯债定开','债券基金','R2',3.2000,10000.00,180,'周经理','在售','2026-07-22 10:09:54',NULL,NULL),(8,'DEMO-P001','演示基金01号','基金','R1',2.2200,100.00,30,NULL,'在售','2026-07-23 16:26:14','2026-07-23 16:26:59','现金管理'),(9,'DEMO-P002','演示债券02号','债券','R2',2.6400,1000.00,90,NULL,'在售','2026-07-23 16:26:14','2026-07-23 16:26:59','政金债'),(10,'DEMO-P003','演示理财产品03号','理财产品','R3',3.0600,10000.00,180,NULL,'在售','2026-07-23 16:26:14','2026-07-23 16:26:59','科技'),(11,'DEMO-P004','演示基金04号','基金','R4',3.4800,100.00,365,NULL,'在售','2026-07-23 16:26:14','2026-07-23 16:26:59','新能源'),(12,'DEMO-P005','演示债券05号','债券','R5',3.9000,1000.00,730,NULL,'在售','2026-07-23 16:26:14','2026-07-23 16:26:59','医药'),(13,'DEMO-P006','演示理财产品06号','理财产品','R1',4.3200,10000.00,30,NULL,'在售','2026-07-23 16:26:14','2026-07-23 16:26:59','消费'),(14,'DEMO-P007','演示基金07号','基金','R2',4.7400,100.00,90,NULL,'在售','2026-07-23 16:26:14','2026-07-23 16:26:59','现金管理'),(15,'DEMO-P008','演示债券08号','债券','R3',5.1600,1000.00,180,NULL,'在售','2026-07-23 16:26:14','2026-07-23 16:26:59','政金债'),(16,'DEMO-P009','演示理财产品09号','理财产品','R4',5.5800,10000.00,365,NULL,'在售','2026-07-23 16:26:14','2026-07-23 16:26:59','科技'),(17,'DEMO-P010','演示基金10号','基金','R5',6.0000,100.00,730,NULL,'在售','2026-07-23 16:26:14','2026-07-23 16:26:59','新能源'),(18,'DEMO-P011','演示债券11号','债券','R1',6.4200,1000.00,30,NULL,'在售','2026-07-23 16:26:14','2026-07-23 16:26:59','医药'),(19,'DEMO-P012','演示理财产品12号','理财产品','R2',6.8400,10000.00,90,NULL,'在售','2026-07-23 16:26:14','2026-07-23 16:26:59','消费'),(20,'DEMO-P013','演示基金13号','基金','R3',7.2600,100.00,180,NULL,'在售','2026-07-23 16:26:14','2026-07-23 16:26:59','现金管理'),(21,'DEMO-P014','演示债券14号','债券','R4',7.6800,1000.00,365,NULL,'在售','2026-07-23 16:26:14','2026-07-23 16:26:59','政金债'),(22,'DEMO-P015','演示理财产品15号','理财产品','R5',8.1000,10000.00,730,NULL,'在售','2026-07-23 16:26:14','2026-07-23 16:26:59','科技'),(23,'DEMO-P016','演示基金16号','基金','R1',8.5200,100.00,30,NULL,'在售','2026-07-23 16:26:14','2026-07-23 16:26:59','新能源'),(24,'DEMO-P017','演示债券17号','债券','R2',8.9400,1000.00,90,NULL,'在售','2026-07-23 16:26:14','2026-07-23 16:26:59','医药'),(25,'DEMO-P018','演示理财产品18号','理财产品','R3',9.3600,10000.00,180,NULL,'在售','2026-07-23 16:26:14','2026-07-23 16:26:59','消费'),(26,'DEMO-P019','演示基金19号','基金','R4',9.7800,100.00,365,NULL,'在售','2026-07-23 16:26:14','2026-07-23 16:26:59','现金管理'),(27,'DEMO-P020','演示债券20号','债券','R5',10.2000,1000.00,730,NULL,'在售','2026-07-23 16:26:14','2026-07-23 16:26:59','政金债'),(28,'DEMO-P021','演示理财产品21号','理财产品','R1',10.6200,10000.00,30,NULL,'在售','2026-07-23 16:26:14','2026-07-23 16:26:59','科技'),(29,'DEMO-P022','演示基金22号','基金','R2',11.0400,100.00,90,NULL,'在售','2026-07-23 16:26:14','2026-07-23 16:26:59','新能源'),(30,'DEMO-P023','演示债券23号','债券','R3',11.4600,1000.00,180,NULL,'在售','2026-07-23 16:26:14','2026-07-23 16:26:59','医药'),(31,'DEMO-P024','演示理财产品24号','理财产品','R4',11.8800,10000.00,365,NULL,'在售','2026-07-23 16:26:14','2026-07-23 16:26:59','消费'),(32,'DEMO-P025','演示基金25号','基金','R5',12.3000,100.00,730,NULL,'在售','2026-07-23 16:26:14','2026-07-23 16:26:59','现金管理'),(33,'DEMO-P026','演示债券26号','债券','R1',12.7200,1000.00,30,NULL,'在售','2026-07-23 16:26:14','2026-07-23 16:26:59','政金债'),(34,'DEMO-P027','演示理财产品27号','理财产品','R2',13.1400,10000.00,90,NULL,'在售','2026-07-23 16:26:14','2026-07-23 16:26:59','科技'),(35,'DEMO-P028','演示基金28号','基金','R3',13.5600,100.00,180,NULL,'在售','2026-07-23 16:26:14','2026-07-23 16:26:59','新能源'),(36,'DEMO-P029','演示债券29号','债券','R4',13.9800,1000.00,365,NULL,'在售','2026-07-23 16:26:14','2026-07-23 16:26:59','医药'),(37,'DEMO-P030','演示理财产品30号','理财产品','R5',14.4000,10000.00,730,NULL,'在售','2026-07-23 16:26:14','2026-07-23 16:26:59','消费');
/*!40000 ALTER TABLE `fin_product` ENABLE KEYS */;
UNLOCK TABLES;

--
-- Table structure for table `fin_risk_alert`
--

DROP TABLE IF EXISTS `fin_risk_alert`;
/*!40101 SET @saved_cs_client     = @@character_set_client */;
/*!50503 SET character_set_client = utf8mb4 */;
CREATE TABLE `fin_risk_alert` (
  `id` bigint NOT NULL AUTO_INCREMENT COMMENT '主键ID',
  `customer_id` bigint NOT NULL COMMENT '被预警客户ID',
  `alert_type` varchar(32) COLLATE utf8mb4_unicode_ci NOT NULL COMMENT '预警类型: 大额交易/频繁交易/关联交易/异常登录/疑似洗钱',
  `alert_level` varchar(8) COLLATE utf8mb4_unicode_ci NOT NULL COMMENT '预警级别: 低(蓝)/中(黄)/高(红)',
  `trigger_detail` text COLLATE utf8mb4_unicode_ci COMMENT '触发详情',
  `transaction_ids` json DEFAULT NULL COMMENT '关联交易ID列表',
  `status` varchar(16) COLLATE utf8mb4_unicode_ci DEFAULT '未处理' COMMENT '状态: 未处理/处理中/已确认/已排除',
  `handler_id` bigint DEFAULT NULL COMMENT '处理人(风控专员)ID',
  `handle_result` text COLLATE utf8mb4_unicode_ci COMMENT '处理结果结论文本',
  `create_time` datetime DEFAULT CURRENT_TIMESTAMP COMMENT '创建时间',
  `update_time` datetime DEFAULT NULL ON UPDATE CURRENT_TIMESTAMP COMMENT '更新时间',
  PRIMARY KEY (`id`),
  KEY `idx_customer_id` (`customer_id`),
  KEY `idx_alert_level` (`alert_level`),
  KEY `idx_status` (`status`),
  KEY `idx_create_time` (`create_time`)
) ENGINE=InnoDB AUTO_INCREMENT=37 DEFAULT CHARSET=utf8mb4 COLLATE=utf8mb4_unicode_ci COMMENT='风控预警表';
/*!40101 SET character_set_client = @saved_cs_client */;

--
-- Dumping data for table `fin_risk_alert`
--

LOCK TABLES `fin_risk_alert` WRITE;
/*!40000 ALTER TABLE `fin_risk_alert` DISABLE KEYS */;
INSERT INTO `fin_risk_alert` VALUES (1,3,'suspicious','medium','test',NULL,'resolved',999,'API测试-正常处理','2026-07-22 15:57:46','2026-07-23 11:02:52'),(2,3,'suspicious','medium','test',NULL,'false_positive',999,'API测试-误报','2026-07-22 16:00:28','2026-07-23 11:02:54'),(3,3,'suspicious','medium','测试',NULL,'pending',NULL,NULL,'2026-07-22 16:13:14','2026-07-23 19:29:10'),(4,3,'suspicious','medium','测试',NULL,'pending',NULL,NULL,'2026-07-22 16:15:05','2026-07-23 19:29:10'),(5,5,'large_transaction','low','客户5触发1条规则：大额现金交易','{\"tx_id\": \"TXN002\", \"trigger_rules\": [{\"rule_id\": \"R001\", \"rule_name\": \"大额现金交易\", \"risk_level\": \"中\"}]}','resolved',1,'经核实为正常大额交易','2026-07-22 16:27:24','2026-07-23 19:26:45'),(6,5,'large_transaction','medium','客户5触发2条规则：大额现金交易、非正常时段大额交易','{\"tx_id\": \"TXN003\", \"trigger_rules\": [{\"rule_id\": \"R001\", \"rule_name\": \"大额现金交易\", \"risk_level\": \"中\"}, {\"rule_id\": \"R008\", \"rule_name\": \"非正常时段大额交易\", \"risk_level\": \"低\"}]}','pending',NULL,NULL,'2026-07-22 19:19:44','2026-07-23 19:27:07'),(7,5,'large_transaction','medium','客户5触发1条规则：大额现金交易','{\"tx_id\": \"TXN002\", \"trigger_rules\": [{\"rule_id\": \"R001\", \"rule_name\": \"大额现金交易\", \"risk_level\": \"中\"}]}','pending',NULL,NULL,'2026-07-22 20:54:47','2026-07-23 19:27:07'),(8,5,'large_transaction','medium','客户5触发1条规则：大额现金交易','{\"tx_id\": \"TXN002\", \"trigger_rules\": [{\"rule_id\": \"R001\", \"rule_name\": \"大额现金交易\", \"risk_level\": \"中\"}]}','pending',NULL,NULL,'2026-07-22 20:56:49','2026-07-23 19:27:07'),(9,5,'large_transaction','low','客户5触发1条规则：高风险国家/地区交易','{\"tx_id\": \"TXN005\", \"trigger_rules\": [{\"rule_id\": \"R011\", \"rule_name\": \"高风险国家/地区交易\", \"risk_level\": \"高\"}]}','pending',NULL,NULL,'2026-07-22 20:56:55','2026-07-23 19:27:07'),(10,5,'large_transaction','medium','客户5触发1条规则：非正常时段大额交易','{\"tx_id\": \"TXN008\", \"trigger_rules\": [{\"rule_id\": \"R008\", \"rule_name\": \"非正常时段大额交易\", \"risk_level\": \"低\"}]}','pending',NULL,NULL,'2026-07-22 20:57:02','2026-07-23 19:27:07'),(11,5,'large_transaction','medium','客户5触发2条规则：大额现金交易、非正常时段大额交易','{\"tx_id\": \"TXN010\", \"trigger_rules\": [{\"rule_id\": \"R001\", \"rule_name\": \"大额现金交易\", \"risk_level\": \"中\"}, {\"rule_id\": \"R008\", \"rule_name\": \"非正常时段大额交易\", \"risk_level\": \"低\"}]}','pending',NULL,NULL,'2026-07-22 20:57:06','2026-07-23 19:27:07'),(12,5,'large_transaction','medium','客户5触发1条规则：大额现金交易','{\"tx_id\": \"TXN_TEST\", \"trigger_rules\": [{\"rule_id\": \"R001\", \"rule_name\": \"大额现金交易\", \"risk_level\": \"中\"}]}','pending',NULL,NULL,'2026-07-22 21:34:19','2026-07-23 19:27:07'),(13,5,'R001','medium','客户5触发1条规则：大额现金交易','{\"tx_id\": \"TXN_TEST\", \"trigger_rules\": [{\"rule_id\": \"R001\", \"rule_name\": \"大额现金交易\", \"risk_level\": \"中\"}]}','pending',NULL,NULL,'2026-07-22 21:38:01','2026-07-23 19:27:07'),(14,5,'R001','medium','客户5触发1条规则：大额现金交易','{\"tx_id\": \"TXN_E2E_001\", \"trigger_rules\": [{\"rule_id\": \"R001\", \"rule_name\": \"大额现金交易\", \"risk_level\": \"中\"}]}','pending',NULL,NULL,'2026-07-22 23:25:37','2026-07-23 19:27:07'),(15,5,'R001','medium','客户5触发1条规则：大额现金交易','{\"tx_id\": \"TXN_E2E_003\", \"trigger_rules\": [{\"rule_id\": \"R001\", \"rule_name\": \"大额现金交易\", \"risk_level\": \"中\"}]}','pending',NULL,NULL,'2026-07-22 23:33:54','2026-07-23 19:27:07'),(16,5,'R001','medium','客户5触发1条规则：大额现金交易','{\"tx_id\": \"TEST002\", \"trigger_rules\": [{\"rule_id\": \"R001\", \"rule_name\": \"大额现金交易\", \"risk_level\": \"中\"}]}','pending',NULL,NULL,'2026-07-23 11:00:59','2026-07-23 19:27:07'),(17,200,'R001','low','客户200触发1条规则：大额现金交易','{\"tx_id\": \"API002\", \"trigger_rules\": [{\"rule_id\": \"R001\", \"rule_name\": \"大额现金交易\", \"risk_level\": \"中\"}]}','pending',NULL,NULL,'2026-07-23 11:02:16','2026-07-23 19:27:07'),(18,300,'R011','low','客户300触发1条规则：高风险国家/地区交易','{\"tx_id\": \"API003\", \"trigger_rules\": [{\"rule_id\": \"R011\", \"rule_name\": \"高风险国家/地区交易\", \"risk_level\": \"高\"}]}','pending',NULL,NULL,'2026-07-23 11:02:19','2026-07-23 19:27:07'),(19,5,'R001','medium','客户5触发1条规则：大额现金交易','{\"tx_id\": \"TXN002\", \"trigger_rules\": [{\"rule_id\": \"R001\", \"rule_name\": \"大额现金交易\", \"risk_level\": \"中\"}]}','pending',NULL,NULL,'2026-07-23 11:23:31','2026-07-23 19:27:07'),(20,5,'R011','medium','客户5触发1条规则：高风险国家/地区交易','{\"tx_id\": \"TXN005\", \"trigger_rules\": [{\"rule_id\": \"R011\", \"rule_name\": \"高风险国家/地区交易\", \"risk_level\": \"高\"}]}','pending',NULL,NULL,'2026-07-23 11:23:40','2026-07-23 19:27:07'),(21,5,'R008','medium','客户5触发1条规则：非正常时段大额交易','{\"tx_id\": \"TXN008\", \"trigger_rules\": [{\"rule_id\": \"R008\", \"rule_name\": \"非正常时段大额交易\", \"risk_level\": \"低\"}]}','pending',NULL,NULL,'2026-07-23 11:23:46','2026-07-23 19:27:07'),(22,5,'R001','medium','客户5触发2条规则：大额现金交易、非正常时段大额交易','{\"tx_id\": \"TXN010\", \"trigger_rules\": [{\"rule_id\": \"R001\", \"rule_name\": \"大额现金交易\", \"risk_level\": \"中\"}, {\"rule_id\": \"R008\", \"rule_name\": \"非正常时段大额交易\", \"risk_level\": \"低\"}]}','pending',NULL,NULL,'2026-07-23 11:23:50','2026-07-23 19:27:07'),(23,1,'R001','low','客户1触发1条规则：大额现金交易','{\"tx_id\": \"HUGE001\", \"trigger_rules\": [{\"rule_id\": \"R001\", \"rule_name\": \"大额现金交易\", \"risk_level\": \"中\"}]}','pending',NULL,NULL,'2026-07-23 11:42:12','2026-07-23 19:27:07'),(24,11,'R001','high','客户11触发5条规则：大额现金交易、非本人账户代付投资款、频繁小额交易、金额与身份严重不符、新开户短期大额交易','{\"tx_id\": \"E2E-RISK-1784801034885\", \"trigger_rules\": [{\"rule_id\": \"R001\", \"rule_name\": \"大额现金交易\", \"risk_level\": \"中\"}, {\"rule_id\": \"R014\", \"rule_name\": \"非本人账户代付投资款\", \"risk_level\": \"中高\"}, {\"rule_id\": \"R002\", \"rule_name\": \"频繁小额交易\", \"risk_level\": \"中高\"}, {\"rule_id\": \"R006\", \"rule_name\": \"金额与身份严重不符\", \"risk_level\": \"中高\"}, {\"rule_id\": \"R017\", \"rule_name\": \"新开户短期大额交易\", \"risk_level\": \"中高\"}]}','resolved',9,'E2E 核实完成','2026-07-23 18:03:55','2026-07-23 18:03:55'),(25,400,'R016','low','客户400触发1条规则：老年客户异常大额转出','{\"tx_id\": \"V001\", \"trigger_rules\": [{\"rule_id\": \"R016\", \"rule_name\": \"老年客户异常大额转出\", \"risk_level\": \"中高\"}]}','未处理',NULL,NULL,'2026-07-23 19:35:47',NULL),(26,999,'R011','high','客户999触发1条规则：高风险国家/地区交易','{\"tx_id\": \"V004\", \"trigger_rules\": [{\"rule_id\": \"R011\", \"rule_name\": \"高风险国家/地区交易\", \"risk_level\": \"高\"}]}','pending',NULL,NULL,'2026-07-23 19:36:18',NULL),(27,1001,'R003','low','客户1001触发1条规则：资金快进快出','{\"tx_id\": \"V005\", \"trigger_rules\": [{\"rule_id\": \"R003\", \"rule_name\": \"资金快进快出\", \"risk_level\": \"中高\"}]}','pending',NULL,NULL,'2026-07-23 19:36:20',NULL),(28,400,'R016','medium','客户400触发1条规则：老年客户异常大额转出','{\"tx_id\": \"V001\", \"trigger_rules\": [{\"rule_id\": \"R016\", \"rule_name\": \"老年客户异常大额转出\", \"risk_level\": \"中高\"}]}','pending',NULL,NULL,'2026-07-23 19:41:28',NULL),(29,999,'R011','high','客户999触发1条规则：高风险国家/地区交易','{\"tx_id\": \"V004\", \"trigger_rules\": [{\"rule_id\": \"R011\", \"rule_name\": \"高风险国家/地区交易\", \"risk_level\": \"高\"}]}','pending',NULL,NULL,'2026-07-23 19:41:32',NULL),(30,1001,'R003','medium','客户1001触发1条规则：资金快进快出','{\"tx_id\": \"V005\", \"trigger_rules\": [{\"rule_id\": \"R003\", \"rule_name\": \"资金快进快出\", \"risk_level\": \"中高\"}]}','resolved',0,'','2026-07-23 19:41:34','2026-07-23 21:05:12'),(31,2001,'R019','high','客户2001触发2条规则：涉赌涉诈资金流转、整数规避特征','{\"tx_id\": \"V006\", \"trigger_rules\": [{\"rule_id\": \"R019\", \"rule_name\": \"涉赌涉诈资金流转\", \"risk_level\": \"高\"}, {\"rule_id\": \"R009\", \"rule_name\": \"整数规避特征\", \"risk_level\": \"中高\"}]}','resolved',0,'','2026-07-23 19:41:36','2026-07-23 21:05:11'),(32,5,'R001','medium','客户5触发1条规则：大额现金交易','{\"tx_id\": \"F001\", \"trigger_rules\": [{\"rule_id\": \"R001\", \"rule_name\": \"大额现金交易\", \"risk_level\": \"中\"}]}','resolved',0,'完成','2026-07-23 21:38:12','2026-07-24 10:43:22'),(33,5,'R011','high','客户5触发1条规则：高风险国家/地区交易','{\"tx_id\": \"F002\", \"trigger_rules\": [{\"rule_id\": \"R011\", \"rule_name\": \"高风险国家/地区交易\", \"risk_level\": \"高\"}]}','pending',NULL,NULL,'2026-07-23 21:43:44',NULL),(34,5,'R014','medium','客户5触发2条规则：非本人账户代付投资款、新开户短期大额交易','{\"tx_id\": \"TXN20260723221732C13B82\", \"trigger_rules\": [{\"rule_id\": \"R014\", \"rule_name\": \"非本人账户代付投资款\", \"risk_level\": \"中高\"}, {\"rule_id\": \"R017\", \"rule_name\": \"新开户短期大额交易\", \"risk_level\": \"中高\"}]}','resolved',0,'正常\n','2026-07-23 22:17:35','2026-07-23 22:25:39'),(35,10,'R001','low','客户10触发1条规则：大额现金交易','{\"tx_id\": \"A01\", \"trigger_rules\": [{\"rule_id\": \"R001\", \"rule_name\": \"大额现金交易\", \"risk_level\": \"中\"}]}','pending',NULL,NULL,'2026-07-24 10:54:05',NULL),(36,20,'R011','high','客户20触发1条规则：高风险国家/地区交易','{\"tx_id\": \"A02\", \"trigger_rules\": [{\"rule_id\": \"R011\", \"rule_name\": \"高风险国家/地区交易\", \"risk_level\": \"高\"}]}','resolved',0,'正常','2026-07-24 10:55:04','2026-07-24 10:56:26');
/*!40000 ALTER TABLE `fin_risk_alert` ENABLE KEYS */;
UNLOCK TABLES;

--
-- Table structure for table `fin_risk_assessment`
--

DROP TABLE IF EXISTS `fin_risk_assessment`;
/*!40101 SET @saved_cs_client     = @@character_set_client */;
/*!50503 SET character_set_client = utf8mb4 */;
CREATE TABLE `fin_risk_assessment` (
  `id` bigint NOT NULL AUTO_INCREMENT COMMENT '主键ID',
  `customer_id` bigint NOT NULL COMMENT '被评估客户ID',
  `assessment_date` date NOT NULL COMMENT '评估日期',
  `total_score` int DEFAULT NULL COMMENT '总分0-100',
  `risk_level` varchar(16) COLLATE utf8mb4_unicode_ci DEFAULT NULL COMMENT '评定结果: 保守型/稳健型/平衡型/进取型/激进型',
  `answers` json DEFAULT NULL COMMENT '答题详情',
  `assessor_type` varchar(16) COLLATE utf8mb4_unicode_ci DEFAULT 'AI评估' COMMENT '评估方式: AI评估/人工评估',
  `valid_until` date DEFAULT NULL COMMENT '有效期至',
  `create_time` datetime DEFAULT CURRENT_TIMESTAMP COMMENT '创建时间',
  PRIMARY KEY (`id`),
  KEY `idx_customer_id` (`customer_id`),
  KEY `idx_assessment_date` (`assessment_date`),
  KEY `idx_valid_until` (`valid_until`)
) ENGINE=InnoDB AUTO_INCREMENT=50 DEFAULT CHARSET=utf8mb4 COLLATE=utf8mb4_unicode_ci COMMENT='风险评估记录表';
/*!40101 SET character_set_client = @saved_cs_client */;

--
-- Dumping data for table `fin_risk_assessment`
--

LOCK TABLES `fin_risk_assessment` WRITE;
/*!40000 ALTER TABLE `fin_risk_assessment` DISABLE KEYS */;
INSERT INTO `fin_risk_assessment` VALUES (1,3,'2024-01-01',35,'稳健型','[{\"a\": \"B\", \"q\": 1, \"score\": 5}, {\"a\": \"C\", \"q\": 2, \"score\": 8}]','AI评估','2025-01-01','2026-07-22 10:09:54'),(2,4,'2024-02-01',55,'平衡型','[{\"a\": \"C\", \"q\": 1, \"score\": 8}, {\"a\": \"B\", \"q\": 2, \"score\": 5}]','AI评估','2025-02-01','2026-07-22 10:09:54'),(3,5,'2024-03-01',75,'进取型','[{\"a\": \"D\", \"q\": 1, \"score\": 12}, {\"a\": \"D\", \"q\": 2, \"score\": 12}]','人工评估','2025-03-01','2026-07-22 10:09:54'),(4,3,'2026-07-22',45,'C3','[1, 2, 3]','manual','2027-07-22','2026-07-22 15:57:01'),(5,3,'2026-07-22',45,'C3','[1, 2, 3]','manual','2027-07-22','2026-07-22 15:59:46'),(6,3,'2026-07-22',45,'C3','[1, 2, 3]','manual','2027-07-22','2026-07-22 16:13:09'),(7,3,'2026-07-22',45,'C3','[1, 2, 3]','manual','2027-07-22','2026-07-22 16:15:01'),(28,11,'2026-07-23',18,'C1','{\"source\": \"demo\"}','DEMO','2027-07-23','2026-07-23 16:26:59'),(29,12,'2026-07-23',36,'C2','{\"source\": \"demo\"}','DEMO','2027-07-23','2026-07-23 16:26:59'),(30,13,'2026-07-23',54,'C3','{\"source\": \"demo\"}','DEMO','2027-07-23','2026-07-23 16:26:59'),(31,14,'2026-07-23',72,'C4','{\"source\": \"demo\"}','DEMO','2027-07-23','2026-07-23 16:26:59'),(32,15,'2026-07-23',90,'C5','{\"source\": \"demo\"}','DEMO','2027-07-23','2026-07-23 16:26:59'),(33,16,'2026-07-23',18,'C1','{\"source\": \"demo\"}','DEMO','2027-07-23','2026-07-23 16:26:59'),(34,17,'2026-07-23',36,'C2','{\"source\": \"demo\"}','DEMO','2027-07-23','2026-07-23 16:26:59'),(35,18,'2026-07-23',54,'C3','{\"source\": \"demo\"}','DEMO','2027-07-23','2026-07-23 16:26:59'),(36,19,'2026-07-23',72,'C4','{\"source\": \"demo\"}','DEMO','2027-07-23','2026-07-23 16:26:59'),(37,20,'2026-07-23',90,'C5','{\"source\": \"demo\"}','DEMO','2027-07-23','2026-07-23 16:26:59'),(38,21,'2026-07-23',18,'C1','{\"source\": \"demo\"}','DEMO','2027-07-23','2026-07-23 16:26:59'),(39,22,'2026-07-23',36,'C2','{\"source\": \"demo\"}','DEMO','2027-07-23','2026-07-23 16:26:59'),(40,23,'2026-07-23',54,'C3','{\"source\": \"demo\"}','DEMO','2027-07-23','2026-07-23 16:26:59'),(41,24,'2026-07-23',72,'C4','{\"source\": \"demo\"}','DEMO','2027-07-23','2026-07-23 16:26:59'),(42,25,'2026-07-23',90,'C5','{\"source\": \"demo\"}','DEMO','2027-07-23','2026-07-23 16:26:59'),(43,26,'2026-07-23',18,'C1','{\"source\": \"demo\"}','DEMO','2027-07-23','2026-07-23 16:26:59'),(44,27,'2026-07-23',36,'C2','{\"source\": \"demo\"}','DEMO','2027-07-23','2026-07-23 16:26:59'),(45,28,'2026-07-23',54,'C3','{\"source\": \"demo\"}','DEMO','2027-07-23','2026-07-23 16:26:59'),(46,29,'2026-07-23',72,'C4','{\"source\": \"demo\"}','DEMO','2027-07-23','2026-07-23 16:26:59'),(47,30,'2026-07-23',90,'C5','{\"source\": \"demo\"}','DEMO','2027-07-23','2026-07-23 16:26:59'),(48,3,'2026-07-24',111,'C4','{\"details\": [{\"a\": \"C\", \"q\": 1, \"score\": 6}, {\"a\": \"C\", \"q\": 2, \"score\": 7}, {\"a\": \"C\", \"q\": 3, \"score\": 7}, {\"a\": \"C\", \"q\": 4, \"score\": 6}, {\"a\": \"C\", \"q\": 5, \"score\": 7}, {\"a\": \"C\", \"q\": 6, \"score\": 7}, {\"a\": \"C\", \"q\": 7, \"score\": 7}, {\"a\": \"C\", \"q\": 8, \"score\": 7}, {\"a\": \"C\", \"q\": 9, \"score\": 7}, {\"a\": \"C\", \"q\": 10, \"score\": 8}, {\"a\": \"C\", \"q\": 11, \"score\": 7}, {\"a\": \"C\", \"q\": 12, \"score\": 7}, {\"a\": \"C\", \"q\": 13, \"score\": 7}, {\"a\": \"C\", \"q\": 14, \"score\": 7}, {\"a\": \"C\", \"q\": 15, \"score\": 7}, {\"a\": \"C\", \"q\": 16, \"score\": 7}]}','AI评估','2027-07-24','2026-07-24 01:51:28'),(49,3,'2026-07-24',111,'C4','{\"details\": [{\"a\": \"C\", \"q\": 1, \"score\": 6}, {\"a\": \"C\", \"q\": 2, \"score\": 7}, {\"a\": \"C\", \"q\": 3, \"score\": 7}, {\"a\": \"C\", \"q\": 4, \"score\": 6}, {\"a\": \"C\", \"q\": 5, \"score\": 7}, {\"a\": \"C\", \"q\": 6, \"score\": 7}, {\"a\": \"C\", \"q\": 7, \"score\": 7}, {\"a\": \"C\", \"q\": 8, \"score\": 7}, {\"a\": \"C\", \"q\": 9, \"score\": 7}, {\"a\": \"C\", \"q\": 10, \"score\": 8}, {\"a\": \"C\", \"q\": 11, \"score\": 7}, {\"a\": \"C\", \"q\": 12, \"score\": 7}, {\"a\": \"C\", \"q\": 13, \"score\": 7}, {\"a\": \"C\", \"q\": 14, \"score\": 7}, {\"a\": \"C\", \"q\": 15, \"score\": 7}, {\"a\": \"C\", \"q\": 16, \"score\": 7}]}','AI评估','2027-07-24','2026-07-24 01:56:35');
/*!40000 ALTER TABLE `fin_risk_assessment` ENABLE KEYS */;
UNLOCK TABLES;

--
-- Table structure for table `fin_transaction`
--

DROP TABLE IF EXISTS `fin_transaction`;
/*!40101 SET @saved_cs_client     = @@character_set_client */;
/*!50503 SET character_set_client = utf8mb4 */;
CREATE TABLE `fin_transaction` (
  `id` bigint NOT NULL AUTO_INCREMENT COMMENT '主键ID',
  `transaction_no` varchar(64) COLLATE utf8mb4_unicode_ci NOT NULL COMMENT '交易流水号，全局唯一',
  `customer_id` bigint NOT NULL COMMENT '交易客户ID',
  `product_id` bigint NOT NULL COMMENT '交易产品ID',
  `transaction_type` varchar(16) COLLATE utf8mb4_unicode_ci NOT NULL COMMENT '交易类型: 申购/赎回/转账/分红/定投',
  `amount` decimal(18,2) DEFAULT NULL COMMENT '交易金额(元)',
  `shares` decimal(18,4) DEFAULT NULL COMMENT '成交份额',
  `nav` decimal(12,6) DEFAULT NULL COMMENT '成交净值',
  `fee` decimal(12,2) DEFAULT '0.00' COMMENT '手续费(元)',
  `status` varchar(16) COLLATE utf8mb4_unicode_ci DEFAULT '待确认' COMMENT '状态: 待确认/已确认/已撤单/失败',
  `operator_id` bigint DEFAULT NULL COMMENT '经办理财顾问ID',
  `remark` varchar(255) COLLATE utf8mb4_unicode_ci DEFAULT NULL COMMENT '备注',
  `create_time` datetime DEFAULT CURRENT_TIMESTAMP COMMENT '创建时间',
  `update_time` datetime DEFAULT NULL ON UPDATE CURRENT_TIMESTAMP COMMENT '更新时间',
  PRIMARY KEY (`id`),
  UNIQUE KEY `uk_transaction_no` (`transaction_no`),
  KEY `idx_customer_id` (`customer_id`),
  KEY `idx_product_id` (`product_id`),
  KEY `idx_transaction_type` (`transaction_type`),
  KEY `idx_status` (`status`),
  KEY `idx_create_time` (`create_time`)
) ENGINE=InnoDB AUTO_INCREMENT=126 DEFAULT CHARSET=utf8mb4 COLLATE=utf8mb4_unicode_ci COMMENT='交易流水表';
/*!40101 SET character_set_client = @saved_cs_client */;

--
-- Dumping data for table `fin_transaction`
--

LOCK TABLES `fin_transaction` WRITE;
/*!40000 ALTER TABLE `fin_transaction` DISABLE KEYS */;
INSERT INTO `fin_transaction` VALUES (1,'T20240101001',3,1,'申购',50000.00,5000.0000,10.000000,50.00,'已确认',2,'首次申购','2026-07-22 10:09:54',NULL),(2,'T20240115002',3,3,'申购',10000.00,10000.0000,1.000000,0.00,'已确认',2,NULL,'2026-07-22 10:09:54',NULL),(3,'T20240201003',4,2,'申购',10000.00,1000.0000,10.000000,10.00,'已确认',2,NULL,'2026-07-22 10:09:54',NULL),(4,'T20240301004',5,4,'申购',50000.00,500.0000,100.000000,50.00,'已确认',2,NULL,'2026-07-22 10:09:54',NULL),(5,'T20240315005',5,2,'申购',20000.00,2000.0000,10.000000,20.00,'已确认',2,NULL,'2026-07-22 10:09:54',NULL),(6,'TXN20260722155449994158',3,3,'redeem',1000.00,1000.0000,1.000000,0.00,'已确认',1,'赎回','2026-07-22 15:54:48',NULL),(7,'TXN20260722155449C2B9C6',3,0,'transfer',5000.00,NULL,NULL,0.00,'已确认',1,'转账至客户4','2026-07-22 15:54:48',NULL),(8,'TXN202607221557010DE397',3,1,'redeem',100.00,100.0000,1.000000,0.00,'已确认',1,'赎回','2026-07-22 15:57:00',NULL),(9,'TXN202607221557018ED0E1',3,0,'transfer',1000.00,NULL,NULL,0.00,'已确认',1,'转账至客户4','2026-07-22 15:57:01',NULL),(10,'TXN20260722155942CE361A',3,3,'redeem',100.00,100.0000,1.000000,0.00,'已确认',1,'赎回','2026-07-22 15:59:42',NULL),(11,'TXN20260722155944B2356E',3,0,'transfer',1000.00,NULL,NULL,0.00,'已确认',1,'转账至客户4','2026-07-22 15:59:44',NULL),(12,'TXN20260722161306642AE0',3,3,'redeem',100.00,100.0000,1.000000,0.00,'已确认',1,'赎回','2026-07-22 16:13:05',NULL),(13,'TXN20260722161308EF3FE4',3,0,'transfer',1000.00,NULL,NULL,0.00,'已确认',1,'转账至客户4','2026-07-22 16:13:07',NULL),(14,'TXN202607221614201D8DE9',4,2,'purchase',500.00,500.0000,1.000000,0.00,'已确认',1,'申购 XX成长混合C','2026-07-22 16:14:19',NULL),(15,'TXN20260722161455E12091',4,2,'purchase',500.00,500.0000,1.000000,0.00,'已确认',1,'申购 XX成长混合C','2026-07-22 16:14:55',NULL),(16,'TXN202607221614573370DC',3,3,'redeem',100.00,100.0000,1.000000,0.00,'已确认',1,'赎回','2026-07-22 16:14:57',NULL),(17,'TXN20260722161459D72686',3,0,'transfer',1000.00,NULL,NULL,0.00,'已确认',1,'转账至客户4','2026-07-22 16:14:59',NULL),(18,'TXN2026072217190446ECDD',4,2,'purchase',500.00,500.0000,1.000000,0.00,'已确认',1,'申购 XX成长混合C','2026-07-22 17:19:04',NULL),(19,'TXN20260722171905C3134C',3,3,'redeem',100.00,100.0000,1.000000,0.00,'已确认',1,'赎回','2026-07-22 17:19:04',NULL),(20,'TXN20260722171905E33C22',3,0,'transfer',1000.00,NULL,NULL,0.00,'已确认',1,'转账至客户4','2026-07-22 17:19:04',NULL),(21,'TXN202607221719199799DE',3,3,'redeem',100.00,100.0000,1.000000,0.00,'已确认',1,'赎回','2026-07-22 17:19:18',NULL),(22,'DEMO-NORMAL-001',11,8,'purchase',1200.00,NULL,NULL,0.00,'已确认',NULL,'正常交易','2026-06-14 16:27:00','2026-06-14 16:27:00'),(23,'DEMO-NORMAL-002',12,9,'purchase',1400.00,NULL,NULL,0.00,'已确认',NULL,'正常交易','2026-06-15 16:27:00','2026-06-15 16:27:00'),(24,'DEMO-NORMAL-003',13,10,'purchase',1600.00,NULL,NULL,0.00,'已确认',NULL,'正常交易','2026-06-16 16:27:00','2026-06-16 16:27:00'),(25,'DEMO-NORMAL-004',14,11,'purchase',1800.00,NULL,NULL,0.00,'已确认',NULL,'正常交易','2026-06-17 16:27:00','2026-06-17 16:27:00'),(26,'DEMO-NORMAL-005',15,12,'purchase',2000.00,NULL,NULL,0.00,'已确认',NULL,'正常交易','2026-06-18 16:27:00','2026-06-18 16:27:00'),(27,'DEMO-NORMAL-006',16,13,'purchase',2200.00,NULL,NULL,0.00,'已确认',NULL,'正常交易','2026-06-19 16:27:00','2026-06-19 16:27:00'),(28,'DEMO-NORMAL-007',17,14,'purchase',2400.00,NULL,NULL,0.00,'已确认',NULL,'正常交易','2026-06-20 16:27:00','2026-06-20 16:27:00'),(29,'DEMO-NORMAL-008',18,15,'purchase',2600.00,NULL,NULL,0.00,'已确认',NULL,'正常交易','2026-06-21 16:27:00','2026-06-21 16:27:00'),(30,'DEMO-NORMAL-009',19,16,'purchase',2800.00,NULL,NULL,0.00,'已确认',NULL,'正常交易','2026-06-22 16:27:00','2026-06-22 16:27:00'),(31,'DEMO-NORMAL-010',20,17,'purchase',3000.00,NULL,NULL,0.00,'已确认',NULL,'正常交易','2026-06-23 16:27:00','2026-06-23 16:27:00'),(32,'DEMO-NORMAL-011',21,18,'purchase',3200.00,NULL,NULL,0.00,'已确认',NULL,'正常交易','2026-06-24 16:27:00','2026-06-24 16:27:00'),(33,'DEMO-NORMAL-012',22,19,'purchase',3400.00,NULL,NULL,0.00,'已确认',NULL,'正常交易','2026-06-25 16:27:00','2026-06-25 16:27:00'),(34,'DEMO-NORMAL-013',23,20,'purchase',3600.00,NULL,NULL,0.00,'已确认',NULL,'正常交易','2026-06-26 16:27:00','2026-06-26 16:27:00'),(35,'DEMO-NORMAL-014',24,21,'purchase',3800.00,NULL,NULL,0.00,'已确认',NULL,'正常交易','2026-06-27 16:27:00','2026-06-27 16:27:00'),(36,'DEMO-NORMAL-015',25,22,'purchase',4000.00,NULL,NULL,0.00,'已确认',NULL,'正常交易','2026-06-28 16:27:00','2026-06-28 16:27:00'),(37,'DEMO-NORMAL-016',26,23,'purchase',4200.00,NULL,NULL,0.00,'已确认',NULL,'正常交易','2026-06-29 16:27:00','2026-06-29 16:27:00'),(38,'DEMO-NORMAL-017',27,24,'purchase',4400.00,NULL,NULL,0.00,'已确认',NULL,'正常交易','2026-06-30 16:27:00','2026-06-30 16:27:00'),(39,'DEMO-NORMAL-018',28,25,'purchase',4600.00,NULL,NULL,0.00,'已确认',NULL,'正常交易','2026-07-01 16:27:00','2026-07-01 16:27:00'),(40,'DEMO-NORMAL-019',29,26,'purchase',4800.00,NULL,NULL,0.00,'已确认',NULL,'正常交易','2026-07-02 16:27:00','2026-07-02 16:27:00'),(41,'DEMO-NORMAL-020',30,27,'purchase',5000.00,NULL,NULL,0.00,'已确认',NULL,'正常交易','2026-07-03 16:27:00','2026-07-03 16:27:00'),(42,'DEMO-LARGE-001',30,27,'cash',800000.00,NULL,NULL,0.00,'已确认',NULL,'大额交易','2026-07-22 16:27:00','2026-07-22 16:27:00'),(43,'DEMO-FREQ-001',24,8,'purchase',5000.00,NULL,NULL,0.00,'已确认',NULL,'高频交易','2026-07-22 16:27:00','2026-07-22 16:27:00'),(44,'DEMO-FREQ-002',24,9,'redeem',5000.00,NULL,NULL,0.00,'已确认',NULL,'高频交易','2026-07-21 16:27:00','2026-07-21 16:27:00'),(45,'DEMO-FREQ-003',24,10,'purchase',5000.00,NULL,NULL,0.00,'已确认',NULL,'高频交易','2026-07-20 16:27:00','2026-07-20 16:27:00'),(46,'DEMO-FREQ-004',24,11,'redeem',5000.00,NULL,NULL,0.00,'已确认',NULL,'高频交易','2026-07-19 16:27:00','2026-07-19 16:27:00'),(47,'DEMO-FREQ-005',24,12,'purchase',5000.00,NULL,NULL,0.00,'已确认',NULL,'高频交易','2026-07-18 16:27:00','2026-07-18 16:27:00'),(48,'DEMO-FREQ-006',24,8,'redeem',5000.00,NULL,NULL,0.00,'已确认',NULL,'高频交易','2026-07-17 16:27:00','2026-07-17 16:27:00'),(49,'DEMO-FREQ-007',24,9,'purchase',5000.00,NULL,NULL,0.00,'已确认',NULL,'高频交易','2026-07-23 16:27:00','2026-07-23 16:27:00'),(50,'DEMO-FREQ-008',24,10,'redeem',5000.00,NULL,NULL,0.00,'已确认',NULL,'高频交易','2026-07-22 16:27:00','2026-07-22 16:27:00'),(51,'DEMO-FREQ-009',24,11,'purchase',5000.00,NULL,NULL,0.00,'已确认',NULL,'高频交易','2026-07-21 16:27:00','2026-07-21 16:27:00'),(52,'DEMO-FREQ-010',24,12,'redeem',5000.00,NULL,NULL,0.00,'已确认',NULL,'高频交易','2026-07-20 16:27:00','2026-07-20 16:27:00'),(53,'DEMO-FREQ-011',24,8,'purchase',5000.00,NULL,NULL,0.00,'已确认',NULL,'高频交易','2026-07-19 16:27:00','2026-07-19 16:27:00'),(54,'DEMO-FREQ-012',24,9,'redeem',5000.00,NULL,NULL,0.00,'已确认',NULL,'高频交易','2026-07-18 16:27:00','2026-07-18 16:27:00'),(55,'DEMO-FREQ-013',24,10,'purchase',5000.00,NULL,NULL,0.00,'已确认',NULL,'高频交易','2026-07-17 16:27:00','2026-07-17 16:27:00'),(56,'DEMO-FREQ-014',24,11,'redeem',5000.00,NULL,NULL,0.00,'已确认',NULL,'高频交易','2026-07-23 16:27:00','2026-07-23 16:27:00'),(57,'DEMO-FREQ-015',24,12,'purchase',5000.00,NULL,NULL,0.00,'已确认',NULL,'高频交易','2026-07-22 16:27:00','2026-07-22 16:27:00'),(58,'DEMO-FREQ-016',24,8,'redeem',5000.00,NULL,NULL,0.00,'已确认',NULL,'高频交易','2026-07-21 16:27:00','2026-07-21 16:27:00'),(59,'DEMO-FREQ-017',24,9,'purchase',5000.00,NULL,NULL,0.00,'已确认',NULL,'高频交易','2026-07-20 16:27:00','2026-07-20 16:27:00'),(60,'DEMO-FREQ-018',24,10,'redeem',5000.00,NULL,NULL,0.00,'已确认',NULL,'高频交易','2026-07-19 16:27:00','2026-07-19 16:27:00'),(61,'DEMO-FREQ-019',24,11,'purchase',5000.00,NULL,NULL,0.00,'已确认',NULL,'高频交易','2026-07-18 16:27:00','2026-07-18 16:27:00'),(62,'DEMO-FREQ-020',24,12,'redeem',5000.00,NULL,NULL,0.00,'已确认',NULL,'高频交易','2026-07-17 16:27:00','2026-07-17 16:27:00'),(63,'DEMO-FREQ-021',24,8,'purchase',5000.00,NULL,NULL,0.00,'已确认',NULL,'高频交易','2026-07-23 16:27:00','2026-07-23 16:27:00'),(64,'DEMO-FREQ-022',24,9,'redeem',5000.00,NULL,NULL,0.00,'已确认',NULL,'高频交易','2026-07-22 16:27:00','2026-07-22 16:27:00'),(65,'DEMO-FREQ-023',24,10,'purchase',5000.00,NULL,NULL,0.00,'已确认',NULL,'高频交易','2026-07-21 16:27:00','2026-07-21 16:27:00'),(66,'DEMO-FREQ-024',24,11,'redeem',5000.00,NULL,NULL,0.00,'已确认',NULL,'高频交易','2026-07-20 16:27:00','2026-07-20 16:27:00'),(67,'DEMO-FREQ-025',24,12,'purchase',5000.00,NULL,NULL,0.00,'已确认',NULL,'高频交易','2026-07-19 16:27:00','2026-07-19 16:27:00'),(68,'DEMO-ABNORMAL-001',26,28,'cash',199999.00,NULL,NULL,0.00,'已确认',NULL,'异常交易','2026-07-23 16:27:00','2026-07-23 16:27:00'),(69,'DEMO-ABNORMAL-002',27,29,'transfer_out',300000.00,NULL,NULL,0.00,'已确认',NULL,'异常交易','2026-07-23 16:27:00','2026-07-23 16:27:00'),(70,'DEMO-ABNORMAL-003',28,30,'redeem',150000.00,NULL,NULL,0.00,'已确认',NULL,'异常交易','2026-07-23 16:27:00','2026-07-23 16:27:00'),(71,'DEMO-ABNORMAL-004',29,31,'transfer_out',499999.00,NULL,NULL,0.00,'已确认',NULL,'异常交易','2026-07-23 16:27:00','2026-07-23 16:27:00'),(122,'TXN20260723221732C13B82',5,1,'purchase',500000.00,500000.0000,1.000000,0.00,'已确认',0,'申购 XX稳健增利债券A','2026-07-23 22:17:27',NULL),(123,'TXN2026072401512731484B',3,1,'purchase',10000.00,10000.0000,1.000000,0.00,'已确认',0,'申购 XX稳健增利债券A','2026-07-24 01:51:27',NULL),(124,'TXN202607240156349525A7',3,1,'purchase',10000.00,10000.0000,1.000000,0.00,'已确认',0,'申购 XX稳健增利债券A','2026-07-24 01:56:34',NULL),(125,'TXN202607240156345B5365',3,1,'redeem',1000.00,1000.0000,1.000000,0.00,'已确认',0,'赎回','2026-07-24 01:56:34',NULL);
/*!40000 ALTER TABLE `fin_transaction` ENABLE KEYS */;
UNLOCK TABLES;

--
-- Table structure for table `product_recommendation`
--

DROP TABLE IF EXISTS `product_recommendation`;
/*!40101 SET @saved_cs_client     = @@character_set_client */;
/*!50503 SET character_set_client = utf8mb4 */;
CREATE TABLE `product_recommendation` (
  `id` bigint NOT NULL AUTO_INCREMENT COMMENT '推荐ID',
  `customer_id` bigint NOT NULL COMMENT '客户ID',
  `session_id` varchar(64) COLLATE utf8mb4_unicode_ci DEFAULT NULL COMMENT '会话ID',
  `product_code` varchar(32) COLLATE utf8mb4_unicode_ci NOT NULL COMMENT '推荐产品代码',
  `match_score` decimal(5,2) DEFAULT NULL COMMENT '匹配评分',
  `score_detail` json DEFAULT NULL COMMENT '评分明细',
  `reasoning` text COLLATE utf8mb4_unicode_ci COMMENT '推荐理由',
  `create_time` datetime DEFAULT CURRENT_TIMESTAMP COMMENT '推荐时间',
  PRIMARY KEY (`id`),
  KEY `idx_customer_id` (`customer_id`),
  KEY `idx_session_id` (`session_id`)
) ENGINE=InnoDB AUTO_INCREMENT=34 DEFAULT CHARSET=utf8mb4 COLLATE=utf8mb4_unicode_ci COMMENT='推荐结果表';
/*!40101 SET character_set_client = @saved_cs_client */;

--
-- Dumping data for table `product_recommendation`
--

LOCK TABLES `product_recommendation` WRITE;
/*!40000 ALTER TABLE `product_recommendation` DISABLE KEYS */;
INSERT INTO `product_recommendation` VALUES (1,3,NULL,'F200001',0.79,'{\"risk_level\": \"R2\", \"expected_return\": 4.5}','您好！该R2债基预期年化4.5%，契合您稳健型偏好与均衡配置需求，助您50万资产稳健增值。','2026-07-22 23:29:33'),(2,3,NULL,'F200002',0.79,'{\"risk_level\": \"R2\", \"expected_return\": 4.0}','您属稳健型且偏好均衡配置，该R2级纯债预期年化4.0%，能助您50万资产稳健增值，契合您的需求。','2026-07-22 23:29:33'),(3,3,NULL,'F100002',0.77,'{\"risk_level\": \"R1\", \"expected_return\": 2.8}','您偏好均衡配置，天添利货币B属R1级低风险产品，预期年化2.8%，契合稳健需求，宜作五十万底仓。','2026-07-22 23:29:33'),(4,3,NULL,'F200001',0.79,'{\"risk_level\": \"R2\", \"expected_return\": 4.5}','根据您的稳健型风险等级与均衡配置偏好，R2级债券基金预期收益稳健，能帮助分散风险','2026-07-23 10:03:04'),(5,3,NULL,'F200002',0.79,'{\"risk_level\": \"R2\", \"expected_return\": 4.0}','您稳健型风格与均衡配置偏好，正适合这只R2级纯债基金，力争4.0%年化收益，稳中求','2026-07-23 10:03:04'),(6,3,NULL,'F100002',0.77,'{\"risk_level\": \"R1\", \"expected_return\": 2.8}','您偏好均衡配置，风格','2026-07-23 10:03:04'),(10,3,NULL,'F200001',0.79,'{\"risk_level\": \"R2\", \"expected_return\": 4.5}','我们被要求生成个性化推荐理由，引用画像信息，说明为什么适合该客户。需要提到客户风险等级稳健型，资产规模50万，投资偏好均衡配置，推荐产品是XX稳健增利债券A（R2级，预期年化4.5%）。语气专业亲切，50字以内。  要包含画像信息：稳健型风险等级、均衡配置偏好，适合R2级债券基金，预期收益4.5%，资产50万可以配置。我们可以这样说：“您稳健型风险偏好与均衡配置理念，与R2级债基的风险收益特征相契合，50万资产配置','2026-07-23 18:18:45'),(11,3,NULL,'F200002',0.79,'{\"risk_level\": \"R2\", \"expected_return\": 4.0}','我们被要求生成一个个性化的推荐理由，根据客户画像：稳健型，50万资产，均衡配置偏好，推荐产品是XX纯债优选（R2级债券基金，预期年化4.0%）。要求引用画像信息，语气专业亲切，50字以内。  需要输出推荐理由。字数限制严格，所以必须简洁。可以这样：“作为稳健型投资者，纯债基金匹配您均衡配置需求，波动低且预期年化4.0%，助力资产稳中求进。” 数一下字数：作为稳健型投资者，纯债基金匹配您均衡配置需求，波动低且','2026-07-23 18:18:45'),(12,3,NULL,'F100002',0.77,'{\"risk_level\": \"R1\", \"expected_return\": 2.8}','您追求均衡配置且风格稳健，天添利货币B风险等级R1，流动性佳，可为','2026-07-23 18:18:45'),(13,3,NULL,'F200001',0.79,'{\"risk_level\": \"R2\", \"expected_return\": 4.5}','根据您稳健型风险偏好和均衡配置需求，XX稳健增利债券A的R2级风险与4.5%预期年化，能为您50万资产提供稳健打底。','2026-07-23 18:19:45'),(14,3,NULL,'F200002',0.79,'{\"risk_level\": \"R2\", \"expected_return\": 4.0}','根据您稳健型风险偏好与均衡配置需求，XX纯债优选（R2级）风险可控，契合您50万资产稳健增值目标。','2026-07-23 18:19:45'),(15,3,NULL,'F100002',0.77,'{\"risk_level\": \"R1\", \"expected_return\": 2.8}','您稳健均衡的风格下，天添利货币B低风险高流动性，50万资产灵活打理，助力闲钱稳增。','2026-07-23 18:19:45'),(16,3,NULL,'F100001',0.77,'{\"risk_level\": \"R1\", \"expected_return\": 2.5}','根据您稳健型风险偏好与均衡配置需求，现金宝货币A（R1级）灵活低波，可为50万资产提供稳健底仓，兼顾流动性与收益。','2026-07-23 18:19:45'),(17,3,NULL,'F200001',0.79,'{\"risk_level\": \"R2\", \"expected_return\": 4.5}','我们被要求生成个性化推荐理由，需引用画像信息，语气专业亲切，50字以内。  客户画像：稳健型，资产500,000元，投资偏好均衡配置。推荐产品：XX稳健增利债券A（R2级债券基金，预期年化4.5%）。  需要说明为什么适合，引用画像信息。50字以内。  可以这样：“稳健增利A风险等级R2，匹配您稳健型风格，均衡配置中债券打底，助您50万资产稳中求进。” 检查字数：“稳健增利A风险等级R2，匹配您稳健型风格','2026-07-23 18:20:06'),(18,3,NULL,'F200002',0.79,'{\"risk_level\": \"R2\", \"expected_return\": 4.0}','根据您稳健型风格与均衡配置偏好，XX纯债优选风险等级R2、投向纯债，可为您的50万资产增加稳健','2026-07-23 18:20:06'),(19,3,NULL,'F100002',0.77,'{\"risk_level\": \"R1\", \"expected_return\": 2.8}','您稳健均衡配置，天添利货币B低风险高流动，为50万资产筑稳底仓，灵活匹配日常需求。','2026-07-23 18:20:06'),(20,3,NULL,'F200001',0.79,'{\"risk_level\": \"R2\", \"expected_return\": 4.5}','我们需要根据客户画像信息为推荐产品生成个性化推荐理由。要求：引用画像信息说明为什么适合该客户，语气专业亲切，50字以内。  客户画像：风险等级稳健型，资产规模500,000元，投资偏好均衡配置。推荐产品：XX稳健增利债券A（R2级债券基金，预期年化4.5%）。  我需要写出推荐理由，字数50字内。语气专业亲切。要说明为什么适合该客户，引用画像信息。  可能内容：稳健型客户适合R2级债券基金，资产规模50万，均衡配置可以加入债券基金，预期年','2026-07-23 18:24:53'),(21,3,NULL,'F200002',0.79,'{\"risk_level\": \"R2\", \"expected_return\": 4.0}','根据您稳健型风险偏好与均衡配置需求，XX纯债优选（R2级）波动较低，预期年化4.0%，可作为底仓，助力','2026-07-23 18:24:53'),(22,3,NULL,'F100002',0.77,'{\"risk_level\": \"R1\", \"expected_return\": 2.8}','根据您稳健型风险偏好与均衡配置需求，天添利货币B风险等级','2026-07-23 18:24:53'),(23,3,NULL,'F100001',0.77,'{\"risk_level\": \"R1\", \"expected_return\": 2.5}','我们被要求根据客户画像生成推荐理由。客户稳健型，资产50万，偏好均衡配置。推荐产品是现金宝货币A，R1级，预期年化2.5%。需引用画像信息，语气专业亲切，50字以内。  可以这样写：“作为稳健型投资者，您50万资产中可配置现金宝，兼顾流动性与收益，助力均衡配置。” 计数：作为（2）稳健型（3）投资者（3），您（1）50万（2）资产（2）中（1）可（1）配置（2）现金宝（3），','2026-07-23 18:24:53'),(24,5,NULL,'F200001',0.79,'{\"risk_level\": \"R2\", \"expected_return\": 4.5}','1.  **分析请求**：     *   客户画像：风险等级C3（平衡型），资产规模150万，投资偏好均衡配置。     *   推荐产品：XX稳健增利债券A（R2级债券基金，预期年化4.5%）。     *   要求：引用画像信息说明适合原因，语气专业亲切，字数限制50字以内。  2.  **分析匹配度**：     *   C3（平衡型）客户通常愿意承担一定风险以获取更高收益，但也注重资产安全。     *   R','2026-07-24 02:17:13'),(25,5,NULL,'F200002',0.79,'{\"risk_level\": \"R2\", \"expected_return\": 4.0}','1.  **分析请求**：     *   客户画像：风险等级C3（平衡型），资产规模150万，投资偏好均衡配置。     *   推荐产品：XX纯债优选（R2级债券基金，预期年化4.0%）。     *   要求：引用画像信息说明适合原因，语气专业亲切，50字以内。  2.  **分析匹配度**：     *   C3平衡型客户能承受中等风险，R2级纯债基金风险适中，符合其风险承受能力。     *   资产规模1','2026-07-24 02:17:13'),(26,5,NULL,'F100002',0.77,'{\"risk_level\": \"R1\", \"expected_return\": 2.8}','1.  **分析请求**：     *   客户风险等级：平衡型（C3级）     *   资产规模：1,500,000元     *   投资偏好：均衡配置     *   推荐产品：天添利货币B（R1级货币基金，预期年化2.8%）     *   要求：引用画像信息说明为什么适合，语气专业亲切，50字以内。  2.  **分析匹配度**：     *   客户是C3平衡型，偏好均衡配置，资产150万。','2026-07-24 02:17:13'),(27,5,NULL,'F100001',0.77,'{\"risk_level\": \"R1\", \"expected_return\": 2.5}','1.  **分析请求**：     *   客户画像：风险等级C3（平衡型），资产规模150万，投资偏好均衡配置。     *   推荐产品：现金宝货币A（R1级货币基金，预期年化2.5%）。     *   要求：引用画像信息说明适合原因，语气专业亲切，字数50字以内。  2.  **分析画像与产品的匹配度**：     *   C3平衡型客户：风险承受能力中等，既追求收益也注重安全。     *   均衡配置偏好：需要低风险','2026-07-24 02:17:13'),(28,5,NULL,'F400002',0.72,'{\"risk_level\": \"R4\", \"expected_return\": 12.0}','1.  **分析请求**：     *   客户风险等级：平衡型（C3级）     *   资产规模：1,500,000元     *   投资偏好：均衡配置     *   推荐产品：XX行业精选ETF（R4级股票基金，预期年化12.0%）     *   要求：引用画像信息说明适合原因，语气专业亲切，50字以内。  2.  **分析矛盾点/匹配度**：     *   客户风险等级是C3（平衡型），推荐产品是','2026-07-24 02:17:13');
/*!40000 ALTER TABLE `product_recommendation` ENABLE KEYS */;
UNLOCK TABLES;

--
-- Table structure for table `risk_rule`
--

DROP TABLE IF EXISTS `risk_rule`;
/*!40101 SET @saved_cs_client     = @@character_set_client */;
/*!50503 SET character_set_client = utf8mb4 */;
CREATE TABLE `risk_rule` (
  `id` bigint NOT NULL AUTO_INCREMENT COMMENT '主键ID',
  `rule_id` varchar(16) COLLATE utf8mb4_unicode_ci NOT NULL COMMENT '规则编号（如 FM-01）',
  `rule_name` varchar(128) COLLATE utf8mb4_unicode_ci NOT NULL COMMENT '规则名称',
  `rule_type` varchar(32) COLLATE utf8mb4_unicode_ci NOT NULL COMMENT '类型：scoring/circuit_breaker',
  `dimension` varchar(32) COLLATE utf8mb4_unicode_ci DEFAULT NULL COMMENT '所属维度',
  `config_json` json DEFAULT NULL COMMENT '规则配置（分值表、阈值等）',
  `weight` decimal(5,2) DEFAULT NULL COMMENT '权重',
  `is_active` tinyint(1) DEFAULT '1' COMMENT '是否启用',
  `version` varchar(16) COLLATE utf8mb4_unicode_ci DEFAULT '1.0' COMMENT '版本号',
  `create_time` datetime DEFAULT CURRENT_TIMESTAMP COMMENT '创建时间',
  `update_time` datetime DEFAULT NULL ON UPDATE CURRENT_TIMESTAMP COMMENT '更新时间',
  PRIMARY KEY (`id`),
  UNIQUE KEY `uk_rule_id` (`rule_id`)
) ENGINE=InnoDB AUTO_INCREMENT=31 DEFAULT CHARSET=utf8mb4 COLLATE=utf8mb4_unicode_ci COMMENT='规则配置表';
/*!40101 SET character_set_client = @saved_cs_client */;

--
-- Dumping data for table `risk_rule`
--

LOCK TABLES `risk_rule` WRITE;
/*!40000 ALTER TABLE `risk_rule` DISABLE KEYS */;
INSERT INTO `risk_rule` VALUES (1,'D1-AGE','年龄评分','scoring','basic','{\"65+\": 3, \"18-25\": 8, \"26-35\": 10, \"36-45\": 9, \"46-55\": 7, \"56-65\": 5}',0.20,1,'1.0','2026-07-23 22:00:22','2026-07-23 22:00:22'),(2,'D1-EDU','学历评分','scoring','basic','{\"大专\": 6, \"本科\": 8, \"硕士及以上\": 10, \"高中及以下\": 4}',0.20,1,'1.0','2026-07-23 22:00:22','2026-07-23 22:00:22'),(3,'D1-OCC','职业评分','scoring','basic','{\"退休\": 4, \"个体工商户\": 5, \"无固定职业\": 2, \"自由职业者\": 5, \"专业技术人员\": 8, \"中小企业员工\": 6, \"公务员/事业单位\": 10, \"大型国企/上市公司正式员工\": 9}',0.20,1,'1.0','2026-07-23 22:00:22','2026-07-23 22:00:22'),(4,'D1-INC','收入评分','scoring','basic','{\"<10万\": 3, \">300万\": 10, \"10-30万\": 5, \"30-50万\": 7, \"50-100万\": 8, \"100-300万\": 9}',0.20,1,'1.0','2026-07-23 22:00:22','2026-07-23 22:00:22'),(5,'D1-AST','资产评分','scoring','basic','{\"<5万\": 2, \"5-20万\": 4, \"20-50万\": 6, \">1000万\": 10, \"50-100万\": 7, \"100-500万\": 8, \"500-1000万\": 9}',0.20,1,'1.0','2026-07-23 22:00:22','2026-07-23 22:00:22'),(6,'D2-YEARS','投资年限评分','scoring','experience','{\"<1年\": 4, \"1-3年\": 6, \"3-5年\": 8, \">10年\": 10, \"5-10年\": 9, \"无投资经验\": 2}',0.25,1,'1.0','2026-07-23 22:00:22','2026-07-23 22:00:22'),(7,'D2-COMPLEX','产品复杂度评分','scoring','experience','{\"仅银行存款\": 2, \"货币基金/国债\": 4, \"股票/股票基金/ETF(R4)\": 8, \"混合基金/指数基金(R3)\": 7, \"纯债基金/银行理财(R1-R2)\": 5, \"期货/期权/私募/结构化产品(R5)\": 10}',0.25,1,'1.0','2026-07-23 22:00:22','2026-07-23 22:00:22'),(8,'D2-FREQ','交易频率评分','scoring','experience','{\"中频\": 8, \"低频\": 7, \"高频\": 6, \"极低频\": 5}',0.25,1,'1.0','2026-07-23 22:00:22','2026-07-23 22:00:22'),(9,'D2-RETURN','历史收益评分','scoring','experience','{\">15%\": 9, \"<-15%\": 3, \"-5%~5%\": 6, \"5%~15%\": 8, \"-15%~-5%\": 4, \"无历史记录\": 3}',0.25,1,'1.0','2026-07-23 22:00:22','2026-07-23 22:00:22'),(10,'D3-MAP','风评等级映射','scoring','risk_pref','{\"C1\": 5, \"C2\": 10, \"C3\": 15, \"C4\": 20, \"C5\": 25}',0.33,1,'1.0','2026-07-23 22:00:22','2026-07-23 22:00:22'),(11,'D3-EMOTION','情绪化交易扣分','scoring','risk_pref','[{\"penalty\": -3, \"behavior\": \"追涨杀跌\", \"description\": \"净值新高后3日内买入/新低后3日内卖出\"}, {\"penalty\": -5, \"behavior\": \"恐慌赎回\", \"description\": \"市场大跌(>5%)当日赎回超持仓50%\"}, {\"penalty\": -2, \"behavior\": \"FOMO加仓\", \"description\": \"连续3日上涨后大额加仓超月均3倍\"}, {\"penalty\": -3, \"behavior\": \"频繁改策略\", \"description\": \"90天内调整投资组合配置超过3次\"}]',0.33,1,'1.0','2026-07-23 22:00:22','2026-07-23 22:00:22'),(12,'D3-LOSS','亏损承受调整','scoring','risk_pref','{\"10%-20%\": 0, \"20%-40%\": 3, \"5%以内\": -2, \"40%以上\": 5, \"不能承受任何亏损\": -5}',0.33,1,'1.0','2026-07-23 22:00:22','2026-07-23 22:00:22'),(13,'D4-BEHAVIOR','异常行为规则','scoring','behavior','[{\"id\": \"B001\", \"name\": \"频繁赎回\", \"risk\": \"中\", \"rule\": \"30天内赎回次数≥5次\"}, {\"id\": \"B002\", \"name\": \"大额集中交易\", \"risk\": \"中\", \"rule\": \"单日交易金额超过账户总资产50%\"}, {\"id\": \"B003\", \"name\": \"非正常时段交易\", \"risk\": \"低\", \"rule\": \"凌晨0:00-6:00频繁登录/交易\"}, {\"id\": \"B004\", \"name\": \"突然大额入金\", \"risk\": \"中\", \"rule\": \"单笔入金超过历史平均5倍以上\"}, {\"id\": \"B005\", \"name\": \"分散转出\", \"risk\": \"高\", \"rule\": \"单日出金至5个以上不同银行账户\"}, {\"id\": \"B006\", \"name\": \"产品风险越级\", \"risk\": \"高\", \"rule\": \"要求购买超过风险等级2级以上的产品\"}, {\"id\": \"B007\", \"name\": \"信息频繁变更\", \"risk\": \"中\", \"rule\": \"30天内变更手机/地址≥3次\"}, {\"id\": \"B008\", \"name\": \"代理操作\", \"risk\": \"高\", \"rule\": \"频繁由同一非本人设备/IP操作\"}]',0.50,1,'1.0','2026-07-23 22:00:22','2026-07-23 22:00:22'),(14,'D4-SCORE','异常行为得分','scoring','behavior','{\"无异常\": 20, \"1-2项中风险\": 10, \"1-2项低风险\": 15, \"任何高风险\": 0, \"3项以上中风险\": 5}',0.50,1,'1.0','2026-07-23 22:00:22','2026-07-23 22:00:22'),(15,'LEVEL-MAP','等级映射','scoring',NULL,'[[0, 25, \"C1\", \"保守型\"], [26, 40, \"C2\", \"稳健型\"], [41, 60, \"C3\", \"平衡型\"], [61, 80, \"C4\", \"进取型\"], [81, 100, \"C5\", \"激进型\"]]',NULL,1,'1.0','2026-07-23 22:00:22','2026-07-23 22:00:22'),(16,'SUIT-MATRIX','适当性矩阵','scoring',NULL,'{\"C1\": [\"R1\", \"R2\"], \"C2\": [\"R1\", \"R2\", \"R3\"], \"C3\": [\"R1\", \"R2\", \"R3\", \"R4\"], \"C4\": [\"R1\", \"R2\", \"R3\", \"R4\", \"R5\"], \"C5\": [\"R1\", \"R2\", \"R3\", \"R4\", \"R5\"]}',NULL,1,'1.0','2026-07-23 22:00:22','2026-07-23 22:00:22'),(17,'DIM-WEIGHT','维度权重','scoring',NULL,'{\"basic\": 0.25, \"behavior\": 0.2, \"risk_pref\": 0.3, \"experience\": 0.25}',NULL,1,'1.0','2026-07-23 22:00:22','2026-07-23 22:00:22'),(18,'CONFIDENCE-SRC','置信度初始权重','scoring',NULL,'{\"default\": 0.2, \"behavior\": 0.8, \"ai_extract\": 0.6, \"self_report\": 0.4, \"questionnaire\": 0.9}',NULL,1,'1.0','2026-07-23 22:00:22','2026-07-23 22:00:22'),(19,'RECOMMEND-WEIGHT','推荐引擎权重','scoring',NULL,'{\"preference\": 0.2, \"risk_match\": 0.35, \"return_term\": 0.15, \"graph_signal\": 0.15, \"diversification\": 0.15}',NULL,1,'1.0','2026-07-23 22:00:22','2026-07-23 22:00:22'),(20,'ASSET-ALLOC','资产配置模板','scoring',NULL,'{\"C1\": {\"现金\": 0.2, \"债券类\": 0.4, \"混合类\": 0, \"股票类\": 0, \"货币类\": 0.4}, \"C2\": {\"现金\": 0.1, \"债券类\": 0.5, \"混合类\": 0.2, \"股票类\": 0, \"货币类\": 0.2}, \"C3\": {\"现金\": 0.05, \"债券类\": 0.35, \"混合类\": 0.3, \"股票类\": 0.2, \"货币类\": 0.1}, \"C4\": {\"现金\": 0.05, \"债券类\": 0.2, \"混合类\": 0.3, \"股票类\": 0.4, \"货币类\": 0.05}, \"C5\": {\"现金\": 0.1, \"债券类\": 0.1, \"混合类\": 0.25, \"股票类\": 0.55, \"货币类\": 0}}',NULL,1,'1.0','2026-07-23 22:00:22','2026-07-23 22:00:22'),(21,'FM-01','年龄限制','circuit_breaker',NULL,'{\"rule_id\": \"FM-01\", \"rule_name\": \"年龄限制\", \"conditions\": [{\"cond\": \"age < 18\", \"level\": \"block\", \"action\": \"禁止开户\"}, {\"cond\": \"18 <= age <= 22\", \"level\": \"restrict\", \"action\": \"R4+需监护人知情同意书\"}, {\"cond\": \"age > 70\", \"level\": \"restrict\", \"action\": \"R3+需网点面签确认\"}, {\"cond\": \"age > 80\", \"level\": \"restrict\", \"action\": \"仅允许R1-R2，R3需特殊审批\"}]}',NULL,1,'1.0','2026-07-23 22:00:22','2026-07-23 22:00:22'),(22,'FM-02','收入与资产限制','circuit_breaker',NULL,'{\"rule_id\": \"FM-02\", \"rule_name\": \"收入与资产限制\", \"conditions\": [{\"cond\": \"no_income AND assets < 10000\", \"level\": \"restrict\", \"action\": \"仅允许R1-R2\"}, {\"cond\": \"no_income AND 10000 <= assets <= 50000\", \"level\": \"restrict\", \"action\": \"R1-R3，R3持仓不超过总资产30%\"}]}',NULL,1,'1.0','2026-07-23 22:00:22','2026-07-23 22:00:22'),(23,'FM-03','风评时效检查','circuit_breaker',NULL,'{\"rule_id\": \"FM-03\", \"rule_name\": \"风评时效检查\", \"conditions\": [{\"cond\": \"days_since_risk > 365\", \"level\": \"block\", \"action\": \"冻结购买权限，仅允许赎回\"}, {\"cond\": \"days_since_risk > 180\", \"level\": \"warn\", \"action\": \"发送提醒通知\"}]}',NULL,1,'1.0','2026-07-23 22:00:22','2026-07-23 22:00:22'),(24,'FM-04','身份异常检查','circuit_breaker',NULL,'{\"rule_id\": \"FM-04\", \"rule_name\": \"身份异常检查\", \"conditions\": [{\"cond\": \"id_expired_days > 90\", \"level\": \"block\", \"action\": \"冻结账户全部交易权限\"}, {\"cond\": \"identity_check_failed\", \"level\": \"restrict\", \"action\": \"暂停非柜面交易\"}, {\"cond\": \"sanction_list_match\", \"level\": \"block\", \"action\": \"立即冻结，上报合规\"}]}',NULL,1,'1.0','2026-07-23 22:00:22','2026-07-23 22:00:22'),(25,'FM-05','异常交易熔断','circuit_breaker',NULL,'{\"rule_id\": \"FM-05\", \"rule_name\": \"异常交易熔断\", \"conditions\": [{\"cond\": \"daily_loss > total_assets * 0.1\", \"level\": \"warn\", \"action\": \"推送风险提示\"}, {\"cond\": \"consecutive_redeem > total_assets * 0.4\", \"level\": \"restrict\", \"action\": \"触发人工回访\"}, {\"cond\": \"account_theft_suspected\", \"level\": \"block\", \"action\": \"立即冻结账户\"}]}',NULL,1,'1.0','2026-07-23 22:00:22','2026-07-23 22:00:22'),(26,'SP-STUDENT','在校学生','special',NULL,'{\"note\": \"无独立收入\", \"product_limit\": [\"R1\", \"R2\"], \"income_treatment\": 0}',NULL,1,'1.0','2026-07-23 22:00:22','2026-07-23 22:00:22'),(27,'SP-DISHONEST','失信被执行人','special',NULL,'{\"action\": \"限制大额申购，加强资金来源核实\"}',NULL,1,'1.0','2026-07-23 22:00:22','2026-07-23 22:00:22'),(28,'SP-FOREIGN','外籍人士','special',NULL,'{\"action\": \"增加国籍/地区风险因子，高风险国家下调一档\"}',NULL,1,'1.0','2026-07-23 22:00:22','2026-07-23 22:00:22'),(29,'SP-CONFLICT','自评vs AI冲突','special',NULL,'{\"diff_1\": \"取AI评估结果，允许客户申请人工复核\", \"diff_2\": \"取AI评估结果，客户需到网点进行面对面评估\", \"diff_3+\": \"取AI评估结果，触发合规调查\"}',NULL,1,'1.0','2026-07-23 22:00:22','2026-07-23 22:00:22'),(30,'SP-INCOMPLETE','信息不完整规则','special',NULL,'{\"收入缺失\": \"按当地最低工资标准估算，风险评级下调一档\", \"资产缺失\": \"仅依据已知金融资产评估\", \"投资经验缺失\": \"投资经验维度默认3分（保守处理）\", \"联系方式失效\": \"限制非柜面交易\", \"多项缺失(≥3项)\": \"暂停新开户，需人工审核\"}',NULL,1,'1.0','2026-07-23 22:00:22','2026-07-23 22:00:22');
/*!40000 ALTER TABLE `risk_rule` ENABLE KEYS */;
UNLOCK TABLES;

--
-- Table structure for table `risk_score_record`
--

DROP TABLE IF EXISTS `risk_score_record`;
/*!40101 SET @saved_cs_client     = @@character_set_client */;
/*!50503 SET character_set_client = utf8mb4 */;
CREATE TABLE `risk_score_record` (
  `id` bigint NOT NULL AUTO_INCREMENT COMMENT '记录ID',
  `customer_id` bigint NOT NULL COMMENT '客户ID',
  `rating_date` datetime DEFAULT CURRENT_TIMESTAMP COMMENT '评分日期',
  `basic_score` decimal(5,2) DEFAULT NULL COMMENT '基础属性评分',
  `experience_score` decimal(5,2) DEFAULT NULL COMMENT '投资经验评分',
  `risk_pref_score` decimal(5,2) DEFAULT NULL COMMENT '风险偏好评分',
  `behavior_score` decimal(5,2) DEFAULT NULL COMMENT '行为异常评分',
  `total_score` decimal(5,2) DEFAULT NULL COMMENT '综合评分',
  `risk_level` varchar(16) COLLATE utf8mb4_unicode_ci DEFAULT NULL COMMENT '评定等级 C1-C5',
  `detail_json` json DEFAULT NULL COMMENT '各子项评分明细',
  `circuit_breakers` json DEFAULT NULL COMMENT '触发的熔断规则',
  `trigger_type` varchar(32) COLLATE utf8mb4_unicode_ci DEFAULT 'manual' COMMENT '触发方式：manual/auto/event',
  `create_time` datetime DEFAULT CURRENT_TIMESTAMP COMMENT '创建时间',
  PRIMARY KEY (`id`),
  KEY `idx_customer_id` (`customer_id`),
  KEY `idx_rating_date` (`rating_date`)
) ENGINE=InnoDB AUTO_INCREMENT=7 DEFAULT CHARSET=utf8mb4 COLLATE=utf8mb4_unicode_ci COMMENT='评分过程记录表';
/*!40101 SET character_set_client = @saved_cs_client */;

--
-- Dumping data for table `risk_score_record`
--

LOCK TABLES `risk_score_record` WRITE;
/*!40000 ALTER TABLE `risk_score_record` DISABLE KEYS */;
INSERT INTO `risk_score_record` VALUES (2,3,'2026-07-24 01:39:17',13.50,12.50,13.00,20.00,59.00,'C3','{\"basic\": {\"score\": 13.5, \"detail\": {\"age\": 3, \"assets\": 7, \"income\": 8, \"education\": 4, \"occupation\": 5}}, \"behavior\": {\"score\": 20, \"detail\": {\"behaviors\": [], \"risk_level\": \"无异常\", \"abnormal_count\": 0}}, \"risk_pref\": {\"score\": 13, \"detail\": {\"assessment\": 15, \"loss_tolerance\": -2, \"emotional_triggers\": [], \"emotional_deduction\": 0}}, \"experience\": {\"score\": 12.5, \"detail\": {\"years\": 8, \"returns\": 3, \"frequency\": 7, \"complexity\": 2}}}','[]','manual','2026-07-24 01:39:17'),(3,3,'2026-07-24 01:40:09',13.50,12.50,13.00,20.00,59.00,'C3','{\"basic\": {\"score\": 13.5, \"detail\": {\"age\": 3, \"assets\": 7, \"income\": 8, \"education\": 4, \"occupation\": 5}}, \"behavior\": {\"score\": 20, \"detail\": {\"behaviors\": [], \"risk_level\": \"无异常\", \"abnormal_count\": 0}}, \"risk_pref\": {\"score\": 13, \"detail\": {\"assessment\": 15, \"loss_tolerance\": -2, \"emotional_triggers\": [], \"emotional_deduction\": 0}}, \"experience\": {\"score\": 12.5, \"detail\": {\"years\": 8, \"returns\": 3, \"frequency\": 7, \"complexity\": 2}}}','[]','manual','2026-07-24 01:40:09'),(4,3,'2026-07-24 01:56:35',13.50,12.50,25.00,20.00,71.00,'C4','{\"basic\": {\"score\": 13.5, \"detail\": {\"age\": 3, \"assets\": 7, \"income\": 8, \"education\": 4, \"occupation\": 5}}, \"behavior\": {\"score\": 20, \"detail\": {\"behaviors\": [], \"risk_level\": \"无异常\", \"abnormal_count\": 0}}, \"risk_pref\": {\"score\": 25, \"detail\": {\"assessment\": 20, \"loss_tolerance\": 5, \"emotional_triggers\": [], \"emotional_deduction\": 0}}, \"experience\": {\"score\": 12.5, \"detail\": {\"years\": 8, \"returns\": 3, \"frequency\": 7, \"complexity\": 2}}}','[]','manual','2026-07-24 01:56:35'),(5,5,'2026-07-24 02:16:49',11.50,11.88,8.00,20.00,51.38,'C3','{\"basic\": {\"score\": 11.5, \"detail\": {\"age\": 3, \"assets\": 8, \"income\": 3, \"education\": 4, \"occupation\": 5}}, \"behavior\": {\"score\": 20, \"detail\": {\"behaviors\": [], \"risk_level\": \"无异常\", \"abnormal_count\": 0}}, \"risk_pref\": {\"score\": 8, \"detail\": {\"assessment\": 5, \"loss_tolerance\": 3, \"emotional_triggers\": [], \"emotional_deduction\": 0}}, \"experience\": {\"score\": 11.88, \"detail\": {\"years\": 9, \"returns\": 3, \"frequency\": 5, \"complexity\": 2}}}','[{\"detail\": \"风评已过期 510 天（> 365 天），冻结购买权限\", \"rule_id\": \"FM-03\"}]','agent_query','2026-07-24 02:16:49');
/*!40000 ALTER TABLE `risk_score_record` ENABLE KEYS */;
UNLOCK TABLES;

--
-- Table structure for table `sys_user`
--

DROP TABLE IF EXISTS `sys_user`;
/*!40101 SET @saved_cs_client     = @@character_set_client */;
/*!50503 SET character_set_client = utf8mb4 */;
CREATE TABLE `sys_user` (
  `id` bigint NOT NULL AUTO_INCREMENT COMMENT '全局唯一用户标识',
  `username` varchar(64) COLLATE utf8mb4_unicode_ci NOT NULL COMMENT '登录账号',
  `password_hash` varchar(255) COLLATE utf8mb4_unicode_ci NOT NULL COMMENT 'BCrypt/Argon2加密密码',
  `user_type` varchar(16) COLLATE utf8mb4_unicode_ci NOT NULL COMMENT '用户类型: CUSTOMER=客户, EMPLOYEE=员工',
  `employee_role` varchar(32) COLLATE utf8mb4_unicode_ci DEFAULT NULL COMMENT '员工角色: 理财顾问/风控专员/客户经理/管理员',
  `customer_level` varchar(16) COLLATE utf8mb4_unicode_ci DEFAULT NULL COMMENT '客户等级: 普通/金卡/白金/钻石/私行',
  `real_name` varchar(64) COLLATE utf8mb4_unicode_ci DEFAULT NULL COMMENT '真实姓名',
  `phone` varchar(20) COLLATE utf8mb4_unicode_ci DEFAULT NULL COMMENT '手机号',
  `id_card` varchar(18) COLLATE utf8mb4_unicode_ci DEFAULT NULL COMMENT '身份证号',
  `email` varchar(128) COLLATE utf8mb4_unicode_ci DEFAULT NULL COMMENT '邮箱',
  `status` varchar(16) COLLATE utf8mb4_unicode_ci DEFAULT '正常' COMMENT '账号状态: 正常/禁用/冻结',
  `create_time` datetime DEFAULT CURRENT_TIMESTAMP COMMENT '创建时间',
  `update_time` datetime DEFAULT NULL ON UPDATE CURRENT_TIMESTAMP COMMENT '更新时间',
  `education` varchar(32) COLLATE utf8mb4_unicode_ci DEFAULT NULL COMMENT '学历',
  `occupation` varchar(64) COLLATE utf8mb4_unicode_ci DEFAULT NULL COMMENT '职业',
  `age` int DEFAULT NULL COMMENT '年龄',
  `id_card_expiry` date DEFAULT NULL COMMENT '身份证有效期',
  `balance` decimal(18,2) NOT NULL DEFAULT '0.00',
  `role` varchar(32) COLLATE utf8mb4_unicode_ci DEFAULT NULL COMMENT '角色（兼容旧版代码）',
  PRIMARY KEY (`id`),
  UNIQUE KEY `uk_username` (`username`),
  KEY `idx_user_type` (`user_type`),
  KEY `idx_status` (`status`),
  KEY `idx_customer_level` (`customer_level`),
  KEY `idx_employee_role` (`employee_role`)
) ENGINE=InnoDB AUTO_INCREMENT=56 DEFAULT CHARSET=utf8mb4 COLLATE=utf8mb4_unicode_ci COMMENT='统一用户表';
/*!40101 SET character_set_client = @saved_cs_client */;

--
-- Dumping data for table `sys_user`
--

LOCK TABLES `sys_user` WRITE;
/*!40000 ALTER TABLE `sys_user` DISABLE KEYS */;
INSERT INTO `sys_user` VALUES (1,'admin','placeholder_hash','EMPLOYEE','管理员',NULL,'系统管理员','13800000001',NULL,NULL,'正常','2026-07-22 10:09:54','2026-07-23 20:35:07',NULL,NULL,NULL,NULL,0.00,'管理员'),(2,'advisor_zhang','placeholder_hash','EMPLOYEE','理财顾问',NULL,'张顾问','13800000002',NULL,NULL,'正常','2026-07-22 10:09:54','2026-07-23 20:35:07',NULL,NULL,NULL,NULL,0.00,'理财顾问'),(3,'customer_zhangsan','placeholder_hash','CUSTOMER',NULL,'白金','张三','13800001234',NULL,NULL,'正常','2026-07-22 10:09:54','2026-07-22 16:15:03',NULL,NULL,NULL,NULL,0.00,NULL),(4,'customer_lisi','placeholder_hash','CUSTOMER',NULL,'普通','李四','13822222222',NULL,NULL,'正常','2026-07-22 10:09:54',NULL,NULL,NULL,NULL,NULL,0.00,NULL),(5,'customer_wangwu','placeholder_hash','CUSTOMER',NULL,'钻石','王五','13833333333',NULL,NULL,'正常','2026-07-22 10:09:54',NULL,NULL,NULL,NULL,NULL,0.00,NULL),(6,'demo_customer','pbkdf2_sha256$390000$UPSgRdk5wJ5frO2R7w46WA==$6QVPXhO1IU2zpYLLJD3u5xWApjOg7d1JgT2QgG/ejCY=','CUSTOMER',NULL,'普通','演示客户',NULL,NULL,NULL,'正常','2026-07-23 16:26:14','2026-07-23 16:26:59',NULL,NULL,NULL,NULL,1000000.00,NULL),(7,'demo_advisor','pbkdf2_sha256$390000$UPSgRdk5wJ5frO2R7w46WA==$6QVPXhO1IU2zpYLLJD3u5xWApjOg7d1JgT2QgG/ejCY=','EMPLOYEE','理财顾问',NULL,'演示理财顾问',NULL,NULL,NULL,'正常','2026-07-23 16:26:14','2026-07-23 20:35:07',NULL,NULL,NULL,NULL,1000000.00,'理财顾问'),(8,'demo_manager','pbkdf2_sha256$390000$UPSgRdk5wJ5frO2R7w46WA==$6QVPXhO1IU2zpYLLJD3u5xWApjOg7d1JgT2QgG/ejCY=','EMPLOYEE','客户经理',NULL,'演示客户经理',NULL,NULL,NULL,'正常','2026-07-23 16:26:14','2026-07-23 20:35:07',NULL,NULL,NULL,NULL,1000000.00,'客户经理'),(9,'demo_risk','pbkdf2_sha256$390000$UPSgRdk5wJ5frO2R7w46WA==$6QVPXhO1IU2zpYLLJD3u5xWApjOg7d1JgT2QgG/ejCY=','EMPLOYEE','风控专员',NULL,'演示风控专员',NULL,NULL,NULL,'正常','2026-07-23 16:26:14','2026-07-23 20:35:07',NULL,NULL,NULL,NULL,1000000.00,'风控专员'),(10,'demo_admin','pbkdf2_sha256$390000$UPSgRdk5wJ5frO2R7w46WA==$6QVPXhO1IU2zpYLLJD3u5xWApjOg7d1JgT2QgG/ejCY=','EMPLOYEE','管理员',NULL,'演示管理员',NULL,NULL,NULL,'正常','2026-07-23 16:26:14','2026-07-23 20:35:07',NULL,NULL,NULL,NULL,1000000.00,'管理员'),(11,'demo_customer_01','pbkdf2_sha256$390000$i40c3vSivDMPCyWGLRNp0g==$ZojdT+SPJ3GvqLifp3k0g4igUF/K5hSAoHmWIkkt4mo=','CUSTOMER',NULL,'普通','演示客户01','13900000001',NULL,NULL,'正常','2026-07-23 16:26:14','2026-07-23 16:26:59',NULL,'教师',26,NULL,1000000.00,NULL),(12,'demo_customer_02','pbkdf2_sha256$390000$i40c3vSivDMPCyWGLRNp0g==$ZojdT+SPJ3GvqLifp3k0g4igUF/K5hSAoHmWIkkt4mo=','CUSTOMER',NULL,'普通','演示客户02','13900000002',NULL,NULL,'正常','2026-07-23 16:26:14','2026-07-23 16:26:59',NULL,'工程师',28,NULL,1000000.00,NULL),(13,'demo_customer_03','pbkdf2_sha256$390000$i40c3vSivDMPCyWGLRNp0g==$ZojdT+SPJ3GvqLifp3k0g4igUF/K5hSAoHmWIkkt4mo=','CUSTOMER',NULL,'普通','演示客户03','13900000003',NULL,NULL,'正常','2026-07-23 16:26:14','2026-07-23 16:26:59',NULL,'医生',30,NULL,1000000.00,NULL),(14,'demo_customer_04','pbkdf2_sha256$390000$i40c3vSivDMPCyWGLRNp0g==$ZojdT+SPJ3GvqLifp3k0g4igUF/K5hSAoHmWIkkt4mo=','CUSTOMER',NULL,'普通','演示客户04','13900000004',NULL,NULL,'正常','2026-07-23 16:26:14','2026-07-23 16:26:59',NULL,'企业管理者',32,NULL,1000000.00,NULL),(15,'demo_customer_05','pbkdf2_sha256$390000$i40c3vSivDMPCyWGLRNp0g==$ZojdT+SPJ3GvqLifp3k0g4igUF/K5hSAoHmWIkkt4mo=','CUSTOMER',NULL,'私行','演示客户05','13900000005',NULL,NULL,'正常','2026-07-23 16:26:14','2026-07-23 16:26:59',NULL,'创业者',34,NULL,1000000.00,NULL),(16,'demo_customer_06','pbkdf2_sha256$390000$i40c3vSivDMPCyWGLRNp0g==$ZojdT+SPJ3GvqLifp3k0g4igUF/K5hSAoHmWIkkt4mo=','CUSTOMER',NULL,'普通','演示客户06','13900000006',NULL,NULL,'正常','2026-07-23 16:26:14','2026-07-23 16:26:59',NULL,'教师',36,NULL,1000000.00,NULL),(17,'demo_customer_07','pbkdf2_sha256$390000$i40c3vSivDMPCyWGLRNp0g==$ZojdT+SPJ3GvqLifp3k0g4igUF/K5hSAoHmWIkkt4mo=','CUSTOMER',NULL,'普通','演示客户07','13900000007',NULL,NULL,'正常','2026-07-23 16:26:14','2026-07-23 16:26:59',NULL,'工程师',38,NULL,1000000.00,NULL),(18,'demo_customer_08','pbkdf2_sha256$390000$i40c3vSivDMPCyWGLRNp0g==$ZojdT+SPJ3GvqLifp3k0g4igUF/K5hSAoHmWIkkt4mo=','CUSTOMER',NULL,'普通','演示客户08','13900000008',NULL,NULL,'正常','2026-07-23 16:26:14','2026-07-23 16:26:59',NULL,'医生',40,NULL,1000000.00,NULL),(19,'demo_customer_09','pbkdf2_sha256$390000$i40c3vSivDMPCyWGLRNp0g==$ZojdT+SPJ3GvqLifp3k0g4igUF/K5hSAoHmWIkkt4mo=','CUSTOMER',NULL,'普通','演示客户09','13900000009',NULL,NULL,'正常','2026-07-23 16:26:14','2026-07-23 16:26:59',NULL,'企业管理者',42,NULL,1000000.00,NULL),(20,'demo_customer_10','pbkdf2_sha256$390000$i40c3vSivDMPCyWGLRNp0g==$ZojdT+SPJ3GvqLifp3k0g4igUF/K5hSAoHmWIkkt4mo=','CUSTOMER',NULL,'私行','演示客户10','13900000010',NULL,NULL,'正常','2026-07-23 16:26:14','2026-07-23 16:26:59',NULL,'创业者',44,NULL,1000000.00,NULL),(21,'demo_customer_11','pbkdf2_sha256$390000$i40c3vSivDMPCyWGLRNp0g==$ZojdT+SPJ3GvqLifp3k0g4igUF/K5hSAoHmWIkkt4mo=','CUSTOMER',NULL,'普通','演示客户11','13900000011',NULL,NULL,'正常','2026-07-23 16:26:14','2026-07-23 16:26:59',NULL,'教师',46,NULL,1000000.00,NULL),(22,'demo_customer_12','pbkdf2_sha256$390000$i40c3vSivDMPCyWGLRNp0g==$ZojdT+SPJ3GvqLifp3k0g4igUF/K5hSAoHmWIkkt4mo=','CUSTOMER',NULL,'普通','演示客户12','13900000012',NULL,NULL,'正常','2026-07-23 16:26:14','2026-07-23 16:26:59',NULL,'工程师',48,NULL,1000000.00,NULL),(23,'demo_customer_13','pbkdf2_sha256$390000$i40c3vSivDMPCyWGLRNp0g==$ZojdT+SPJ3GvqLifp3k0g4igUF/K5hSAoHmWIkkt4mo=','CUSTOMER',NULL,'普通','演示客户13','13900000013',NULL,NULL,'正常','2026-07-23 16:26:14','2026-07-23 16:26:59',NULL,'医生',50,NULL,1000000.00,NULL),(24,'demo_customer_14','pbkdf2_sha256$390000$i40c3vSivDMPCyWGLRNp0g==$ZojdT+SPJ3GvqLifp3k0g4igUF/K5hSAoHmWIkkt4mo=','CUSTOMER',NULL,'普通','演示客户14','13900000014',NULL,NULL,'正常','2026-07-23 16:26:14','2026-07-23 16:26:59',NULL,'企业管理者',52,NULL,1000000.00,NULL),(25,'demo_customer_15','pbkdf2_sha256$390000$i40c3vSivDMPCyWGLRNp0g==$ZojdT+SPJ3GvqLifp3k0g4igUF/K5hSAoHmWIkkt4mo=','CUSTOMER',NULL,'私行','演示客户15','13900000015',NULL,NULL,'正常','2026-07-23 16:26:14','2026-07-23 16:26:59',NULL,'创业者',54,NULL,1000000.00,NULL),(26,'demo_customer_16','pbkdf2_sha256$390000$i40c3vSivDMPCyWGLRNp0g==$ZojdT+SPJ3GvqLifp3k0g4igUF/K5hSAoHmWIkkt4mo=','CUSTOMER',NULL,'普通','演示客户16','13900000016',NULL,NULL,'正常','2026-07-23 16:26:14','2026-07-23 16:26:59',NULL,'教师',56,NULL,1000000.00,NULL),(27,'demo_customer_17','pbkdf2_sha256$390000$i40c3vSivDMPCyWGLRNp0g==$ZojdT+SPJ3GvqLifp3k0g4igUF/K5hSAoHmWIkkt4mo=','CUSTOMER',NULL,'普通','演示客户17','13900000017',NULL,NULL,'正常','2026-07-23 16:26:14','2026-07-23 16:26:59',NULL,'工程师',58,NULL,1000000.00,NULL),(28,'demo_customer_18','pbkdf2_sha256$390000$i40c3vSivDMPCyWGLRNp0g==$ZojdT+SPJ3GvqLifp3k0g4igUF/K5hSAoHmWIkkt4mo=','CUSTOMER',NULL,'普通','演示客户18','13900000018',NULL,NULL,'正常','2026-07-23 16:26:14','2026-07-23 16:26:59',NULL,'医生',60,NULL,1000000.00,NULL),(29,'demo_customer_19','pbkdf2_sha256$390000$i40c3vSivDMPCyWGLRNp0g==$ZojdT+SPJ3GvqLifp3k0g4igUF/K5hSAoHmWIkkt4mo=','CUSTOMER',NULL,'普通','演示客户19','13900000019',NULL,NULL,'正常','2026-07-23 16:26:14','2026-07-23 16:26:59',NULL,'企业管理者',62,NULL,1000000.00,NULL),(30,'demo_customer_20','pbkdf2_sha256$390000$i40c3vSivDMPCyWGLRNp0g==$ZojdT+SPJ3GvqLifp3k0g4igUF/K5hSAoHmWIkkt4mo=','CUSTOMER',NULL,'私行','演示客户20','13900000020',NULL,NULL,'正常','2026-07-23 16:26:14','2026-07-23 16:26:59',NULL,'创业者',64,NULL,1000000.00,NULL);
/*!40000 ALTER TABLE `sys_user` ENABLE KEYS */;
UNLOCK TABLES;

--
-- Table structure for table `table_name`
--

DROP TABLE IF EXISTS `table_name`;
/*!40101 SET @saved_cs_client     = @@character_set_client */;
/*!50503 SET character_set_client = utf8mb4 */;
CREATE TABLE `table_name` (
  `id` bigint NOT NULL AUTO_INCREMENT COMMENT '主键ID',
  `table_name_en` varchar(64) COLLATE utf8mb4_unicode_ci NOT NULL COMMENT '表英文名',
  `table_name_cn` varchar(64) COLLATE utf8mb4_unicode_ci NOT NULL COMMENT '表中文名',
  `table_description` varchar(255) COLLATE utf8mb4_unicode_ci DEFAULT NULL COMMENT '表用途描述',
  `module` varchar(32) COLLATE utf8mb4_unicode_ci DEFAULT NULL COMMENT '所属模块: 用户/产品/交易/风控/知识库/系统',
  `sort_order` int DEFAULT '0' COMMENT '排序号',
  `create_time` datetime DEFAULT CURRENT_TIMESTAMP COMMENT '创建时间',
  PRIMARY KEY (`id`),
  UNIQUE KEY `uk_table_name_en` (`table_name_en`)
) ENGINE=InnoDB AUTO_INCREMENT=11 DEFAULT CHARSET=utf8mb4 COLLATE=utf8mb4_unicode_ci COMMENT='表字典表';
/*!40101 SET character_set_client = @saved_cs_client */;

--
-- Dumping data for table `table_name`
--

LOCK TABLES `table_name` WRITE;
/*!40000 ALTER TABLE `table_name` DISABLE KEYS */;
INSERT INTO `table_name` VALUES (1,'sys_user','统一用户表','客户与员工共用一套账号体系，通过user_type字段区分','用户',1,'2026-07-22 10:19:57'),(2,'fin_customer_profile','客户画像主表','承载风险评测结果、资产概况、投资偏好，是投顾推荐的核心上下文','用户',2,'2026-07-22 10:19:57'),(3,'fin_product','理财产品表','理财产品目录，覆盖基金、银行理财、保险、信托等全品类','产品',3,'2026-07-22 10:19:57'),(4,'fin_transaction','交易流水表','记录客户所有交易动作（申购/赎回/转账/分红/定投）','交易',4,'2026-07-22 10:19:57'),(5,'fin_holdings','持仓表','客户当前/历史持仓快照','交易',5,'2026-07-22 10:19:57'),(6,'fin_risk_assessment','风险评估记录表','每次风评独立存档，用于审计追溯和画像置信度计算','风控',6,'2026-07-22 10:19:57'),(7,'fin_risk_alert','风控预警表','AI/规则引擎产出的预警事件，供风控专员处置','风控',7,'2026-07-22 10:19:57'),(8,'biz_work_order','通用业务工单表','统一承载所有业务流程（申购/赎回/信息变更/投诉等）','工单',8,'2026-07-22 10:19:57'),(9,'conversation_archive','会话归档表','所有Agent的对话按轮次落库，用于审计和回溯','知识库',9,'2026-07-22 10:19:57'),(10,'fin_knowledge_meta','金融知识元数据表','RAG知识库的\"书目录\"，记录文档元数据','知识库',10,'2026-07-22 10:19:57');
/*!40000 ALTER TABLE `table_name` ENABLE KEYS */;
UNLOCK TABLES;

--
-- Dumping routines for database 'education_pro'
--
/*!40103 SET TIME_ZONE=@OLD_TIME_ZONE */;

/*!40101 SET SQL_MODE=@OLD_SQL_MODE */;
/*!40014 SET FOREIGN_KEY_CHECKS=@OLD_FOREIGN_KEY_CHECKS */;
/*!40014 SET UNIQUE_CHECKS=@OLD_UNIQUE_CHECKS */;
/*!40101 SET CHARACTER_SET_CLIENT=@OLD_CHARACTER_SET_CLIENT */;
/*!40101 SET CHARACTER_SET_RESULTS=@OLD_CHARACTER_SET_RESULTS */;
/*!40101 SET COLLATION_CONNECTION=@OLD_COLLATION_CONNECTION */;
/*!40111 SET SQL_NOTES=@OLD_SQL_NOTES */;

-- Dump completed on 2026-07-24 11:00:27
